TRUNCATE public.missions CASCADE;

INSERT INTO public.missions (id, open_by, observations_cacem, facade, start_datetime_utc, end_datetime_utc, geom, closed_by, deleted, observations_cnsp, mission_source, closed, mission_order, mission_types, is_under_jdp) VALUES (50, 'KIM', 'Mother including baby same. Evidence project air practice minute their. Trouble sing suggest maintain like know too.', 'Guadeloupe', '2022-05-11 03:03:23.588693', '2022-05-13 04:47:02.588693', NULL, 'CHA', false, NULL, 'MONITORFISH', false, NULL, '{SEA}', true);
INSERT INTO public.missions (id, open_by, observations_cacem, facade, start_datetime_utc, end_datetime_utc, geom, closed_by, deleted, observations_cnsp, mission_source, closed, mission_order, mission_types) VALUES (51, 'KIM', 'Mother including baby same. Evidence project air practice minute their. Trouble sing suggest maintain like know too.', 'MEMN', '2022-05-11 04:03:23.588693', '2022-05-13 04:47:02.588693', NULL, 'CHA', false, NULL, 'POSEIDON_CACEM', false, NULL, '{SEA}');
INSERT INTO public.missions (id, open_by, observations_cacem, facade, start_datetime_utc, end_datetime_utc, geom, closed_by, deleted, observations_cnsp, mission_source, closed, mission_order, mission_types) VALUES (52, 'KIM', 'Mother including baby same. Evidence project air practice minute their. Trouble sing suggest maintain like know too.', 'MEMN', '2022-05-11 05:03:23.588693', '2022-05-13 04:47:02.588693', NULL, 'CHA', false, NULL, 'POSEIDON_CNSP', false, NULL, '{SEA}');
INSERT INTO public.missions (id, open_by, observations_cacem, facade, start_datetime_utc, end_datetime_utc, geom, closed_by, deleted, observations_cnsp, mission_source, closed, mission_order, mission_types) VALUES (12, 'KIM', 'Mother including baby same. Evidence project air practice minute their. Trouble sing suggest maintain like know too.', 'NAMO', '2022-02-24 10:56:33', '2022-05-06 19:38:29', NULL, 'CHA', false, NULL, 'MONITORENV', false, NULL, '{SEA}');
INSERT INTO public.missions (id, open_by, observations_cacem, facade, start_datetime_utc, end_datetime_utc, geom, closed_by, deleted, observations_cnsp, mission_source, closed, mission_order, mission_types) VALUES (13, 'TYL', 'Receive hit themselves. Example community suggest seek to technology.', 'NAMO', '2022-02-07 04:16:43', '2022-07-10 19:55:50', NULL, 'ROB', false, NULL, 'MONITORENV', false, NULL, '{LAND}');
INSERT INTO public.missions (id, open_by, observations_cacem, facade, start_datetime_utc, end_datetime_utc, geom, closed_by, deleted, observations_cnsp, mission_source, closed, mission_order, mission_types) VALUES (19, 'SCO', 'Difficult ahead let really old around. Cover operation seven surface use show. Manage beautiful reason account prepare evening sure.', 'NAMO', '2022-06-21 13:24:04', '2022-07-18 02:49:08', NULL, 'EDW', false, NULL, 'MONITORENV', false, NULL, '{SEA}');
INSERT INTO public.missions (id, open_by, observations_cacem, facade, start_datetime_utc, end_datetime_utc, geom, closed_by, deleted, observations_cnsp, mission_source, closed, mission_order, mission_types) VALUES (20, 'CAS', 'South add memory sing population. Entire particularly deep yard avoid. According cell reason entire group accept.', 'MED', '2022-06-18 08:08:01', '2022-08-09 02:29:02', NULL, 'SAR', false, NULL, 'MONITORENV', false, NULL, '{LAND}');
INSERT INTO public.missions (id, open_by, observations_cacem, facade, start_datetime_utc, end_datetime_utc, geom, closed_by, deleted, observations_cnsp, mission_source, closed, mission_order, mission_types) VALUES (10, 'KIM', 'Remain vote several ok. Bring American play woman challenge. Throw low law positive seven.', 'NAMO', '2022-03-21 12:11:13', NULL, '0106000020E610000001000000010300000001000000D1070000A1B7FCB073F913C06DC43824DA364840C058840772F913C032E863C2D83648402CF3776B70F913C0D9186460D7364840E586D7DC6EF913C0F2CF4EFED5364840EC13A35B6DF913C07B0D249CD4364840409ADAE76BF913C0E757CE39D3364840E1197E816AF913C053A278D7D136484059C6E12769F913C0A1F9F774D036484095385DDC67F913C0EF507712CF3648401FA4449E66F913C020B5CBAFCD3648407F3CEC6C65F913C0C19F0A4DCC364840A39AAB4964F913C0638A49EACA36484015F2D63363F913C0E6815D87C93648405D76C22A62F913C06A797124C836484069C0C52F61F913C05FF76FC1C63648404C37894160F913C0C5FB585EC5364840F37364615FF913C09C862CFBC336484070DDFF8D5EF913C073110098C2364840B20CB3C85DF913C0BB22BE34C1364840CA6826105DF913C074BA66D1BF364840A78AB1655CF913C02D520F6EBE3648405AD9FCC75BF913C0E7E9B70ABD3648405A21B4375BF913C011084BA7BB3648401F2F83B55AF913C0ADACC843BA364840BA6912405AF913C0485146E0B8364840196AB9D859F913C0E4F5C37CB73648404F97207E59F913C07F9A4119B6364840498A9F3159F913C08CC5A9B5B43648401AAADEF158F913C098F01152B3364840AF8F35C058F913C0A51B7AEEB13648401AA24C9B58F913C023CDCC8AB03648404A7A7B8458F913C02FF83427AF364840507F6A7A58F913C0ADA987C3AD3648401A4A717E58F913C0BAD4EF5FAC364840BB41388F58F913C0C6FF57FCAA36484020FF16AE58F913C044B1AA98A9364840D3B561DA58F913C051DC1235A83648405B996C1359F913C05D077BD1A6364840A9428F5A59F913C06A32E36DA5364840CC1872AE59F913C0765D4B0AA4364840B4B46C105AF913C01202C9A6A2364840EA49D37F5AF913C0ADA64643A1364840F50BFAFB5AF913C0494BC4DF9F364840C59338865BF913C07369577C9E3648406C48371D5CF913C09E87EA189D364840D6C24DC25CF913C0571F93B59B3648408F36D0745DF913C010B73B529A3648401DD712345EF913C058C8F9EE98364840703D6D015FF913C0A1D9B78B9736484099D087DB5FF913C078648B28963648408729BAC360F913C0DE6874C594364840C27B58B961F913C0D2E6726293364840D3FAB6BB62F913C0C76471FF91364840A93F2DCC63F913C04B5C859C9036484055B163E964F913C05DCDAE398F3648404F1C061466F913C0FFB7EDD68D3648400D4DC04C67F913C02F1C42748C364840A1AA3A9268F913C0EEF9AB118B364840820121E569F913C03D512BAF89364840281E1F466BF913C01A22C04C88364840A567DDB36CF913C0856C6AEA863648406EAA072F6EF913C080302A888536484085E69DB76FF913C00A6EFF2584364840EA1BA04D71F913C0B19EFFC3823648409C4A0EF172F913C0E7481562813648409B72E8A174F913C0AD6C40008036484070C7825F76F913C09083969E7E3648400AE2342B78F913C00114023D7D3648407A29A7037AF913C0919798DB7B364840AF3631EA7BF913C0AF94447A7A364840BA707BDD7DF913C05D0B06197936484012A431DE7FF913C0B7EE07B877364840B8D053EC81F913C011D2095776364840ABF6E10784F913C018224CF674364840EB15DC3086F913C0ADEBA395733648400262966688F913C060A826357236484066A7BCA98AF913C0A3DEBED4703648408EB2FAFA8CF913C0918197746F3648408DEAF8588FF913C00F9E85146E364840624FB7C391F913C0ABAD9EB46C364840FC798D3C94F913C0F329F8546B3648406BD123C296F913C0CA1F67F5693648402922265599F913C0BF08019668364840336C94F59BF913C0D1E4C536673648408BAF6EA39EF913C0902DCBD765364840B91F095EA1F913C0DEEFE5786436484035890F26A4F913C0D91E411A63364840FEEB81FBA6F913C0F240C7BB61364840144860DEA9F913C02856785D6036484001D1FECDACF913C00BD869FF5E3648403B5309CBAFF913C00C4D86A15D364840C2CE7FD5B2F913C02AB5CD435C3648402077B6ECB5F913C0F58955E65A364840CB185911B9F913C06DCB1D8959364840C3B36743BCF913C07486FB2B58364840927B3682BFF913C0B6272FCF56364840AE3C71CEC2F913C016BC8D7255364840A12A6C27C6F913C09343171654364840E011D38DC9F913C04DB1F6B9523648406DF2A501CDF913C02412015E51364840D1FF3882D0F913C0A7DF4B025036484082063810D4F913C049A0C1A64E364840093AF7AAD7F913C026478D4B4D364840DD662253DBF913C021E183F04B364840FF8CB908DFF913C05761D0954A364840801365CAE2F913C0ABD4473B49364840C65F289AE6F913C0ACB4FFE047364840E1D8AB76EAF913C0E87A0D8746364840D37EEF5FEEF913C04234462D45364840131E9F56F2F913C0D7D3D4D34336484029EA0E5AF6F913C01AE0A37A4236484015E33E6AFAF913C00859B321413648404ED5DA87FEF913C0A43E03C93F364840D5C0E2B202FA13C07B0AA9703E364840BB0CFFE906FA13C0FF428F183D364840EE51872E0BFA13C02FE8B5C03B3648406F907B800FFA13C09B7332693A364840C6FB2FDF13FA13C0B36BEF1139364840F493A44A18FA13C0074A02BB37364840F758D9C21CFA13C0089555643636484048177A4821FA13C044C6FE0D35364840F9352FDA25FA13C0BCDDFDB733364840F64D50792AFA13C0E0613D6232364840415FDD252FFA13C040CCD20C31364840EBD07EDE33FA13C04DA3A8B72F364840E33B8CA438FA13C024DAE9622E364840B1D359773DFA13C0A77D6B0E2D3648405598E75642FA13C0670743BA2B364840D089354347FA13C0617770662A36484020A8433C4CFA13C098CDF3122936484048F3114251FA13C0090ACDBF27364840BC374C5556FA13C0B72CFC6C2636484090DC9A745BFA13C0A035811A25364840B17A55A160FA13C0C4245CC823364840317924DA65FA13C024FA8C7622364840FF705F206BFA13C04E2F2925213648402CC9AE7270FA13C0B44A1BD41F3648402F4EBED175FA13C0564C63831E3648407FCC393E7BFA13C0333401331D3648402FABC9B680FA13C04B02F5E21B364840B5B6193C86FA13C02E3054931A36484012EF29CE8BFA13C0DBBD1E44193648404454FA6C91FA13C0C4313FF5173648404DE68A1897FA13C0E98BB5A616364840B6D82FD09CFA13C0D745975815364840F4F79494A2FA13C0915FE40A143648400944BA65A8FA13C0855F87BD12364840F4BC9F43AEFA13C0B645807011364840B662452EB4FA13C03F05FA2310364840D668FF24BAFA13C004ABC9D70E364840CD9B7928C0FA13C094B0048C0D364840242F0838C6FA13C0EE15AB400C36484050EF5654CCFA13C012DBBCF50A36484053DC657DD2FA13C0728624AB093648402CF634B3D8FA13C02B0B0D6108364840EDA36CF4DEFA13C020764B1707364840FC4A1043E5FA13C06EBA0ACE053648406A52C89DEBFA13C0F8E41F850436484037BA9404F2FA13C0DBE8B53C03364840DA4E2178F8FA13C0884CB7F40136484054106EF8FEFA13C071960EAD00364840B665238405FB13C04233FC65FF354840EEE7981C0CFB13C04EB63F1FFE354840FC96CEC112FB13C0B41204D9FC3548406AA6187319FB13C056551E93FB3548403716773020FB13C0DFEACE4DFA35484063E6E9F926FB13C0A466D508F935484066E31CD02DFB13C0523572C4F7354840C74064B234FB13C03AEA6480F635484088FEBFA03BFB13C07D78D83CF53548401FE9DB9B42FB13C018E0CCF9F33548409F6760A249FB13C07EA72CB7F2354840F412A5B550FB13C03D480D75F1354840A91EFED457FB13C055C26E33F0354840BE8A6B005FFB13C0389C3BF2EE354840BA8A413766FB13C0754F89B1ED3548408CB7D77A6DFB13C00ADC5771EC354840BE4482CA74FB13C06AC89131EB3548404F3241267CFB13C0B20762F2E93548404080148E83FB13C0C4A69DB3E83548408F2EFC018BFB13C0301F5A75E7354840C7704C8192FB13C0F5709737E6354840D5DF5C0D9AFB13C0149C55FAE4354840CBE2D5A4A1FB13C01A1AAABDE335484020466348A9FB13C0EBF76981E2354840D50905F8B0FB13C016AFAA45E1354840E92DBBB3B8FB13C028B9810AE0354840E5E5D97AC0FB13C0949CD9CFDE35484040FE0C4EC8FB13C05959B295DD354840FB76542DD0FB13C077EF0B5CDC3548409D830418D8FB13C0EF5EE622DB3548409FF0C80EE0FB13C04F2157EAD935484000BEA111E8FB13C008BD48B2D83548404A1FE31FF0FB13C0AAABD07AD7354840F2E0383AF8FB13C0A473D943D63548408336F75F00FC13C0878E780DD5354840FC1F1E9108FC13C0C38298D7D3354840D46959CE10FC13C0595039A2D23548409447FD1619FC13C0D670706DD1354840B385B56B21FC13C03CE43D39D0354840BB57D6CB29FC13C08AAAA105CF354840ABBD5F3732FC13C0314A86D2CD35484083B751AE3AFC13C0C13C01A0CC354840BA11583143FC13C03982126ECB354840D9FFC6BF4BFC13C00AA1A43CCA354840E1819E5954FC13C0C312CD0BC9354840D097DEFE5CFC13C0F350A1DBC73548401F0E33B065FC13C07D68F6ABC6354840DF4B446C6EFC13C0EED2E17CC5354840871DBE3377FC13C04890634EC43548408F4F4C0780FC13C08AA07B20C3354840074997E588FC13C0B5032AF3C135484068D64ACF91FC13C0C7B96EC6C035484028C412C59AFC13C0513C5F9ABF354840597997C5A3FC13C03398D06EBE35484072C284D1ACFC13C08DC0ED43BD354840FCD22EE8B5FC13C0CF3BA119BC354840E643ED0ABFFC13C0FA09EBEFBA354840407C6838C8FC13C09BA4E0C6B935484083484C71D1FC13C025926C9EB835484037DCECB4DAFC13C096D28E76B7354840D303F603E4FC13C07FDF5C4FB635484057BF675EEDFC13C0503FC128B53548404C4296C3F6FC13C009F2BB02B43548402A592D3400FD13C0397162DDB2354840783781AF09FD13C0E1BCB4B8B1354840AFA93D3613FD13C0705B9D94B035484056E3B6C71CFD13C077C63171AF354840E6B0986426FD13C065845C4EAE354840E745370C30FD13C05A88482CAD3548405AA292BE39FD13C0A865B50AAC3548403DC6AA7B43FD13C0FC88E3E9AA354840087E2B444DFD13C0C778BDC9A935484045FD681757FD13C07ABB2DAAA8354840F24363F560FD13C0A4CA498BA735484011521ADE6AFD13C046A6116DA6354840A1278ED174FD13C05E4E854FA5354840A1C4BECF7EFD13C0EDC2A432A43548401329ACD888FD13C0658A5A16A33548406D2102ED92FD13C0E397D1FAA1354840C214690B9DFD13C0D771F4DFA035484087CF8C34A7FD13C04318C3C59F354840BD516D68B1FD13C0268B3DAC9E354840EDCE5EA6BBFD13C080CA63939D35484006E0B8EFC5FD13C0E04F4B7B9C35484018EC2343D0FD13C0B6A1DE639B3548409CBF4BA1DAFD13C004C01D4D9A3548401A8E8409E5FD13C0C9AA08379935484008247A7CEFFD13C006629F219835484068812CFAF9FD13C0485FF70C9735484039A69B8204FE13C00129FBF8953548408DF96F140FFE13C0C038C0E594354840C9E0ACB119FE13C0F61431D39335484088F64E5824FE13C0323763C192354840B8D3AD092FFE13C0E52541B0913548405A78C9C539FE13C09E5AE09F903548407E4B4A8B44FE13C0CE5B2B908F35484013E6875B4FFE13C004A337818E354840194882365AFE13C0B2B6EF728D354840A3D8E11A65FE13C0651069658C3548402664520970FE13C01EB0A3588B3548401AB77F027BFE13C0DD959F4C8A3548400905BE0586FE13C013484741893548407A81611291FE13C04F40B036883548405DC5C1299CFE13C0917EDA2C87354840C237874AA7FE13C0D902C6238635484099710976B2FE13C027CD721B85354840F2D9F0AABDFE13C07BDDE01384354840463DE9E9C8FE13C046BAFA0C83354840939BF232D4FE13C0A656EB0682354840DBF40C86DFFE13C00B399D0181354840A67C8CE2EAFE13C0E8E7FAFC7F3548406AFF1C49F6FE13C05A562FF97E354840B2B012B901FF13C0D10A25F67D354840F35C19330DFF13C04F05DCF37C3548402F0431B718FF13C0D24554F27B354840EDD9AD4424FF13C05CCC8DF17A3548402FDE8FDB2FFF13C07A129EF1793548406ADD827C3BFF13C09E9E6FF278354840290BDB2647FF13C0C97002F477354840E23344DB52FF13C0F98856F676354840A6BE66985EFF13C0BE6081F97535484064449A5F6AFF13C017F882FD74354840A6F8323076FF13C0E85B3002743548406ADB300A82FF13C04E7FB40773354840B1EC93ED8DFF13C049620F0E72354840F3F807DB99FF13C0498B2B1571354840406735D1A5FF13C050FA081D703548401004C8D0B1FF13C0EB28BD256F35484063CFBFD9BDFF13C01B17482F6E35484039C91CECC9FF13C0514B94396D3548401B253307D6FF13C01C3FB7446C354840F77B5A2CE2FF13C07CF2B0506B354840DF343B5AEEFF13C0E1EB6B5D6A354840D34FD590FAFF13C0DCA4FD6A69354840C16580D1060014C06B1D667968354840BBDDE41A130014C08F55A58867354840C0B7026D1F0014C0BAD3A5986635484049C085C82B0014C079117DA965354840DD2AC22C380014C0CC0E2BBB64354840F5C3639A440014C0B5CBAFCD6335484018BFBE10510014C033480BE162354840471CD38F5D0014C045843DF561354840F9A74C186A0014C0EC7F460A61354840B7957FA9760014C0283B2620603548400A19C042830014C0F9B5DC365F354840E0CA65E58F0014C05FF0694E5E354840C2DEC4909C0014C059EACD665D354840AF54DD44A90014C0E8A308805C354840A92CAF01B60014C00D1D1A9A5B354840AE663AC7C20014C055CF17B55A354840BF027F95CF0014C0A2C7D6D059354840DD007D6CDC0014C014F981ED583548408F94884BE90014C0A963190B583548404C8A4D33F60014C0451472295735484016E2CB23030114C003FEB6485635484075CF571C100114C057A7D26855354840DF1E9D1D1D0114C04010C58954354840DF03F0262A0114C04CB2A3AB53354840EA4AFC38370114C0ED1359CE523548408A271653440114C0B2AEFAF1513548403666E975510114C00C09731651354840763ACAA05E0114C08A9CD73B503548404CA4B8D36B0114C09CEF12624F3548402D70600F790114C0D27B3A894E3548402C056A52860114C09DC738B14D35484037FC2C9E930114C08B4C23DA4C354840D788FDF1A00114C00F91E4034C3548400CABDB4DAE0114C04588A72E4B354840D662C7B1BB0114C081C52B5A4A354840BDE3141DC90114C06FB5B18649354840B0C61B91D60114C0F3640EB448354840C172840CE40114C09A4D57E24735484067B4FA8FF10114C0656F8C1147354840A18B7E1BFF0114C0C45098414635484071F80FAF0C0214C0486B9072453548405E2E034A1A0214C07E388AA444354840E0F903ED270214C048C55AD7433548407F8E6697350214C0378B170B43354840B4B8D649430214C0BA10AB3F4235484006ACA803510214C0F048407541354840ED3488C55E0214C04ABAC1AB403548407BBA1D8E6C0214C0C7642FE33F3548409ED5C05E7A0214C0DACE731B3F35484055867137880214C09FEBB9543E354840B333D816960214C08741EC8E3D354840A6764CFEA30214C094D00ACA3C35484040B676ECB10214C0C49815063C3548406E8BAEE2BF0214C0179A0C433B354840435D9CDFCD0214C08FD4EF803A354840ADC497E4DB0214C02A48BFBF39354840BE2849F0E90214C0786E90FF38354840EC555C03F80214C0E9CD4D4038354840C17F251D060314C07E66F781373548402B3FFC3E140314C037388DC4363548403CFB8867220314C0A3BC240836354840F3B3CB96300314C0327AA84C353548403F021CCE3E0314C0E570189234354840BB80760B4D0314C0BCA074D83335484054C832505B0314C04583D21F33354840940CA59B690314C08118326832354840F21979EE770314C0526D68B131354840F7230348860314C064EEB5FB30354840A22A43A8940314C00B2FDA4630354840F42D390FA30314C0652200932F35484064FA907DB10314C071C827E02E35484003F7F2F1BF0314C0A1A73B2E2E35484049F00A6DCE0314C08439517D2D354840ADB284EFDC0314C08A0453CD2C35484040A50878EB0314C04382561E2C3548407A944207FA0314C01F3946702B354840E4B3869C080414C0AFA237C32A3548406B9C2C39170414C0F0BE2A172A35484022B5DCDB250414C056140A6C2935484009FE9684340414C06E1CEBC12835484096430734430414C039D7CD1828354840CA852DEA510414C027CB9C70273548402EF85DA6600414C057EB82C926354840386744696F0414C0AB44552326354840FB3989317E0414C022D7137E25354840650984008D0414C0DB95E9D92435484075D534D69B0414C0B88DAB36243548403E0544B1AA0414C047386F9423354840AD310993B90414C0899534F322354840D5C12C7AC80414C07DA5FB5222354840A44E0668D70414C02468C4B3213548402B3F3E5BE60414C07EDD8E1521354840E25F8054F50414C08A055B7820354840C8B0CC53040514C0BA6613DC1F354840DE312359130514C02CF4E2401F35484024E38364220514C05034B4A61E35484022F84275310514C097AD710D1E354840503D0C8C400514C0215346751D35484037E633A84F0514C05CAB1CDE1C3548404DBF65CA5E0514C0BC3CDF471C3548401BFCF5F16D0514C05DFAB8B21B3548401969901F7D0514C0B16A941E1B354840D03989528C0514C0B78D718B1A3548403F6EE08A9B0514C0706350F919354840670696C8AA0514C0DBEB3068193548404802AA0BBA0514C088A028D818354840582EC854C90514C0E807224918354840A9F198A2D80514C06BA807BB173548402AE573F6E70514C0BFEE192E17354840ED6F014FF70514C0366E18A216354840DF2A99AD060614C060A0181716354840127DE310160614C0CBFE2F8D153548408866E078250614C0E90F4904153548402C80E7E6340614C0494D797C143548401331A159440614C0CCC395F5133548403A790DD1530614C09166C96F133548401B25D84D630614C0973514EB12354840B33401D0720614C050B76067123548408EDBDC56820614C0BBEBAEE411354840A9196BE2910614C0D9D2FE621135484007EFAB72A10614C039E665E2103548401C284B08B10614C0DA25E4621035484074F89CA2C00614C09F9E4EE40F3548400D60A141D00614C034BDE5660F354840E75E58E5DF0614C0EC1469EA0E35484002F5C18DEF0614C0E798036F0E354840E955323AFF0614C02349B5F40D354840871A01EC0E0714C011AC687B0D354840F0A9D6A11E0714C0413B33030D354840129D0A5D2E0714C0237DFF8B0C354840878E991B3E0714C047EBE2150C354840B4E386DF4D0714C01E0CC8A00B354840AC037BA75D0714C03659C42C0B3548406FEE75736D0714C08FD2D7B90A354840737023447D0714C09BFEEC470A354840B88983198D0714C0E95619D70935484050A13EF29C0714C0E9614767093548402B50ACCFAC0714C02B998CF808354840CFC920B1BC0714C0AEFCE88A083548403E0E9C96CC0714C0E412471E08354840EEE9C980DC0714C05B55BCB207354840F2C3526EEC0714C014C4484807354840C068E25FFC0714C00E5FECDE0635484059D878550C0814C0BBAC917606354840BC12164F1C0814C0AA264E0F06354840E917BA4C2C0814C0D9CC21A905354840E1E7644E3C0814C0BC25F743053548402CB66A534C0814C0E0AAE3DF04354840CB82CB5B5C0814C0455CE77C04354840ABE6DE686C0814C0EC39021B04354840677CA1787C0814C0D44334BA0335484065A9168D8C0814C06F00685A033548403F083BA49C0814C04CE9B2FB02354840E33166BFAC0814C06AFE149E02354840DB59ECDDBC0814C0C93F8E41023548402680CDFFCC0814C06AAD1EE601354840C4A40925DD0814C04D47C68B013548402D944C4EED0814C0E2936F320135484072B53E7AFD0814C0478645DA0035484082A137AA0D0914C05F2B1D83003548406EBFDFDC1D0914C0B8FC0B2D00354840ADDBE2122E0914C0E27327D8FF344840C829954B3E0914C0BF9D4484FF344840AE424E884E0914C0DDF37831FF344840708DB6C75E0914C03C76C4DFFE3448400F0ACE096F0914C0DD24278FFE3448400085404F7F0914C0BFFFA03FFE34484045FE0D988F0914C0E30632F1FD34484067A98AE39F0914C0493ADAA3FD3448406486B631B00914C0EF999957FD344840B5613D83C00914C0D825700CFD3448406BA2C7D6D00914C002DE5DC2FC34484075E1AC2DE10914C06DC26279FC3448405B524187F10914C01AD37E31FC3448401DF584E3010A14C00810B2EAFB344840BBC97742120A14C03879FCA4FB34484036D019A4220A14C0A90E5E60FB344840163CBF07330A14C05CD0D61CFB344840D2D9136E430A14C0DF377CDAFA3448406AA917D7530A14C015522399FA344840DFAACA42640A14C01B12F758FA344840B81181B0740A14C0D384CC19FA3448406EAAE620850A14C05C9DCEDBF93448408AA84F93950A14C027E2E79EF934484081D86708A60A14C033531863F9344840DE6D837FB60A14C081F05F28F9344840A068A2F8C60A14C010BABEEEF83448403E957074D70A14C06F294AB6F8344840CB5A96F1E70A14C0814BD77EF834484033526B71F80A14C063139148F834484001AF43F3080B14C087076213F8344840BDA47376190B14C0EC274ADFF734484056CC52FC290B14C0937449ACF7344840DC8C89833A0B14C07BED5F7AF7344840C8B2C30C4B0B14C0340CA349F7344840193E01985B0B14C02E57FD19F7344840CF2E42256C0B14C06ACE6EEBF634484073B8DAB37C0B14C0E771F7BDF634484005DBCA438D0B14C0A6419791F6344840742F6AD69D0B14C035B76366F63448405950B569AE0B14C00559473CF6344840A4D603FFBE0B14C017274213F6344840DDF5A995CF0B14C06A2154EBF534484004AEA72DE00B14C0FF477DC4F534484091CBA8C7F00B14C06514D39EF534484094B55562010C14C00B0D407AF5344840FD0406FF110C14C0F431C456F5344840DC20629C220C14C0ACFC7434F534484021A2C13B330C14C0177A2713F5344840DDEFCCDB430C14C0539D06F3F434484087D62F7D540C14C05F6612D4F43448402056EA1F650C14C01EE21FB6F43448402FA250C3750C14C0AD035A99F43448402C870E68860C14C07D51AB7DF43448401805240E970C14C08FCB1363F43448407B4FE5B4A70C14C071EBA849F43448405466525CB80C14C095375531F43448401C161705C90C14C0FAAF181AF43448405B9287AED90C14C0A154F303F434484011DBA358EA0C14C0189FFAEEF3344840B5BC1704FB0C14C0D11519DBF3344840599E8BAF0B0D14C0CBB84EC8F3344840EC18575C1C0D14C09501B1B6F33448407E9322092D0D14C0A1762AA6F334484087DA99B63D0D14C0EF17BB96F33448407FBA68654E0D14C00C5F7888F3344840FFCD8B135F0D14C06CD24C7BF33448406E7A06C36F0D14C00C72386FF3344840DC268172800D14C0EF3D3B64F3344840C29FA722910D14C0A1AF6A5AF33448401EE579D3A10D14C0954DB151F33448407B2A4C84B20D14C05A91244AF3344840D86F1E35C30D14C0D1879943F334484034B5F0E5D30D14C018243B3EF334484008C76E97E40D14C03066093AF3344840DCD8EC48F50D14C0FB5AD936F334484027B716FB050E14C095F5D534F3344840FAC894AC160E14C00136FF33F3344840CEDA125E270E14C01E292A34F3344840A2EC900F380E14C00CC28135F3344840EDCABAC1480E14C03C87F037F3344840C0DC3873590E14C03CF28B3BF33448401D220B246A0E14C07E893E40F3344840F13389D57A0E14C0014D0846F33448404D795B868B0E14C0C53CE94CF3344840AABE2D379C0E14C05AD2F654F3344840903754E7AC0E14C030941B5EF334484075B07A97BD0E14C0D7FB6C68F3344840E45CF546CE0E14C03016C073F3344840DB3CC4F5DE0E14C05AD63F80F3344840D31C93A4EF0E14C0543CEC8DF3344840DC630A52000F14C000559A9CF3344840E5AA81FF100F14C07D1375ACF3344840EFF1F8AC210F14C0CB777CBDF33448400AA01859320F14C0CB8E85CFF3344840AE818C04430F14C09B4BBBE2F3344840DB9654AF530F14C0AD3408F7F33448401A13C558640F14C08FC3810CF4344840598F3502750F14C02405FD22F4344840AA724EAA850F14C089ECA43AF43448408389BB51960F14C0BF797953F43448406F07D1F7A60F14C0A7B94F6DF4344840E4B83A9DB70F14C05F9F5288F4344840E19DF841C80F14C059B16CA4F4344840791DB3E4D80F14C02469B3C1F4344840119D6D87E90F14C0A0D3FBDFF434484044B72428FA0F14C0EEE370FFF4344840000530C80A1014C07D20FD1FF534484057ED37661B1014C0DC02B641F5344840370994032C1014C07C118664F5344840288C989F3C1014C05F4C6D88F53448402C76453A4D1014C082B36BADF5344840CAFAEED25D1014C0E74681D3F5344840F1B2EC6A6E1014C01D80C3FAF5344840B305E7007F1014C094E51C23F634484087BF89958F1014C04C778D4CF6344840F6132928A01014C046351577F634484076CF70B9B01014C01199C9A2F634484008F26049C11014C01D2995CFF634484035AF4DD7D11014C06AE577FDF634484074D3E263E21014C0F9CD712CF73448404E9274EEF21014C0C9E2825CF7344840C3EB0277031114C06A9DC08DF7344840D2DF8DFD131114C04C8415C0F73448407C6E1582241114C06F9781F3F734484038644505351114C0D4D60428F83448401828C685451114C07B429F5DF83448400A53EF04561114C0F2536694F83448401F4C6981661114C01B182FCCF8344840CFDFDFFB761114C015822405F93448401A0E5374871114C05118313FF934484000D7C2EA971114C0CEDA547AF9344840096E835EA81114C08CC98FB6F9344840AD9F40D0B81114C08CE4E1F3F9344840EC6BFA3FC91114C05CA56032FA344840D83959ACD91114C0DF18E171FA344840D66E6017EA1114C032328EB2FA34484080A50C7FFA1114C038FE3CF4FA344840C576B5E40A1214C00E701837FB3448402E16AF471B1214C0260E0B7BFB3448403150A5A82B1214C07FD814C0FB344840E18B40063C1214C01ACF3506FC344840B5952C614C1214C0F6F16D4DFC344840243A15BA5C1214C01441BD95FC3448403FE0A20F6D1214C073BC23DFFC3448407E5481627D1214C01364A129FD344840E196B0B28D1214C0F5373675FD344840F1DA84FF9D1214C01938E2C1FD34484024EDA949AE1214C07E64A50FFE3448407BCD1F91BE1214C0B336955EFE344840F57BE6D5CE1214C09BBB86AEFE344840A65FA616DF1214C0C56C8FFFFE344840F1DD6255EF1214C0304AAF51FF34484071911890FF1214C0DC53E6A4FF34484016131FC80F1314C0CA8934F9FF3448406796CAFC1F1314C06B72844E00354840641B1B2E301314C0DC0001A500354840866EBC5C401314C08EBB94FC00354840DDF65687501314C0F3282A5501354840574D42AF601314C0293CECAE0135484008D926D3701314C01102B009023548406566B0F3801314C0C96DA065023548406EF5DE10911314C0348C92C2023548402586B22AA11314C0E1D69B2003354840104C7F40B11314C040D4A67F03354840A913F152C11314C06F77DEDF03354840EEDC0762D11314C051CD17410435484069DB176DE11314C0754F68A30435484090DBCC74F11314C0DAFDCF0605354840ED107B78011414C080D84E6B05354840807B2278111414C068DFE4D005354840481BC373211414C003997C3706354840BDBC086C311414C0DF7E2B9F0635484067934760411414C0FC90F10707354840489F7F50511414C0CD55B971073548405DE0B03C611414C0DE4698DC07354840A856DB24711414C031648E48083548402902FF08811414C0C6AD9BB508354840681670E8901414C00DAAAA2309354840542C86C4A01414C096D2D09209354840FFAAE99BB01414C060270E030A354840DF5E466FC01414C0DD2E4D740A3548407E7BF03DD01414C09B62A3E60A35484052CD9308E01414C00C49FB590B354840E58784CEEF1414C0BE5B6ACE0B354840AD776E90FF1414C02321DB430C354840AB9C514E0F1514C0CA1263BA0C354840F05DD6061F1514C0B23002320D3548406B5454BB2E1514C04C01A3AA0D354840A5B31F6B3E1514C028FE5A240E3548409D7B38164E1514C0B7AD149F0E35484053AC9EBC5D1514C08789E51A0F354840C845525E6D1514C00A18B8970F354840FC4753FB7C1514C0CED2A11510354840EEB2A1938C1514C045408D94103548409E863D279C1514C06E607A14113548400DC326B6AB1514C0D9AC7E9511354840C49BB13FBB1514C086259A171235484039DD89C4CA1514C056D7A19A123548406D87AF44DA1514C067B5C01E13354840E8CD76BFE91514C0BABFF6A313354840217D8B35F91514C0C07C2E2A14354840A2C841A6081614C078EC67B1143548406BB09911181614C0E30EA33915354840F2003F78271614C0905DF5C215354840C0ED85D9361614C0EF5E494D16354840D6766E35461614C000139FD816354840339CF88B551614C0C479F664173548404F2AD0DD641614C0CA0C65F2173548403C889D29741614C08252D580183548406F820C70831614C0ED4A47101935484062E5C8B1921614C00BF6BAA01935484024187BEDA11614C06ACD45321A3548402EE7CE23B11614C0ECDDBCC41A35484009861854C01614C0B11A4B581B354840A28DAF7FCF1614C0270ADBEC1B3548400B653CA5DE1614C051AC6C821C354840450CBFC4ED1614C02D0100191D354840C64FE3DEFC1614C0BB0895B01D3548408F2FA9F30B1714C0FCC22B491E354840B112B9011B1714C0F02FC4E21E354840915E160B2A1714C0974F5E7D1F354840CBADBD0D391714C0F021FA18203548404C99060B481714C0FBA697B5203548409E544502571714C0B9DE3653213548404913CEF2651714C02AC9D7F1213548403B6EF8DD741714C04E667A9122354840FE9818C3831714C024B61E322335484091932EA2921714C01D3FAFD323354840F55D3A7BA11714C059F456762435484029F83B4EB01714C0B7E2EA1925354840B695871ABF1714C0C98380BE253548401403C9E0CD1714C08DD7176426354840424000A1DC1714C075649B0A27354840404D2D5BEB1714C09E1D36B227354840985DA40EFA1714C0EB0FBD5A28354840497165BB081814C0EBB4450429354840CA541C62171814C00E93BAAE29354840A53B1D02261814C0E423315A2A35484050F2139C341814C06D67A9062B35484055AC542F431814C0A85D23B42B354840B269DFBB511814C0078D89622C3548406A2AB441601814C0196FF1112D3548407AEED2C06E1814C04E8A45C22D3548405B82E7397D1814C036589B732E3548401E4D9AAB8B1814C0415FDD252F354840B1E742179A1814C0FF1821D92F35484027B9897BA81814C0E10B518D30354840F68D1AD9B61814C076B18242313548401E66F52FC51814C0BD09B6F831354840A0411A80D31814C09921C0AF323548400454DDC8E11814C027ECCB6733354840C169EA0AF01814C06869D9203435484060B69545FE1814C0CD1FD3DA3435484059068B790C1914C0560FB99535354840AB59CAA61A1914C002388B5136354840DFE3A7CC281914C061135F0E37354840F6A423EB361914C0E3271FCC37354840EF9C3D02451914C019EFE08A383548404198A112531914C0E375794A3935484075CAA31B611914C05FAF130B3A3548408C33441D6F1914C000229ACC3A354840FC9F2E187D1914C0C4CD0C8F3B354840D7760B0B8B1914C0ACB26B523C354840948486F6981914C0464ACC163D35484034C99FDAA61914C075A103DC3D354840B54457B7B41914C057AB3CA23E35484019F7AC8CC21914C0CE744C693F35484060E0A05AD01914C0F7F05D314035484011348720DE1914C044A65BFA40354840A5BE0BDFEB1914C0261B30C4413548401B802E96F91914C0BA42068F42354840FCAB4345071A14C0E329B35A43354840C00EF7EC141A14C0304A4C2744354840EEDB9C8C221A14C0301DE7F444354840FFDFE024301A14C0C4AF58C3453548407B4E17B53D1A14C07D7BB692463548406227403D4B1A14C0CA06EB62473548402C3707BE581A14C0C94421344835484061B1C036661A14C05E422E064935484000966CA7731A14C0167927D9493548400BE50A10811A14C0F2E80CAD4A354840829E9B708E1A14C06218C9814B35484063C21EC99B1A14C0F78071574C354840AF509419A91A14C0AF22062E4D3548406749FC61B61A14C0FC8371054E3548408AAC56A2C31A14C06C1EC9DD4E354840187AA3DAD01A14C07278F7B64F3548409AE5360ADE1A14C09B0B12915035484088BBBC31EB1A14C0E8D7186C51354840E0FB3451F81A14C0CA63F64752354840A4A69F68051B14C041AFAA24533548405CEF5077121B14C0DB334B025435484008D6487D1F1B14C00A78C2E0543548401F27337B2C1B14C05DF525C055354840A1E20F71391B14C0453260A056354840A06F875D461B14C0C12E7181573548400B67F141531B14C0D3EA586358354840E1C84D1E601B14C008E02C465935484033FC44F16C1B14C0D294D7295A354840F1992EBC791B14C0C0826E0E5B354840A3D55E7E861B14C0B3B6C6F35B3548404AAFD537931B14C0CB230BDA5C354840E42693E89F1B14C0775026C15D354840723C9790AC1B14C029C302A95E354840F5EFE12FB91B14C0FF6ECB915F354840F474C7C5C51B14C069DA6A7B603548405F649F53D21B14C06905E16561354840472512D8DE1B14C0FDEF2D51623548402284CB53EB1B14C0279A513D63354840F280CBC6F71B14C0E5034C2A64354840B61B1231041C14C0372D1D1865354840F887F391101C14C01F16C50666354840B6C56FE91C1C14C09CBE43F666354840DF6DDE38291C14C01EAD83E6673548400E1B3C7E351C14C0365B9AD7683548403266E0BA411C14C0E2C887C969354840494FCBEE4D1C14C023F64BBC6A354840673DA5185A1C14C0F9E2E6AF6B35484078C9C539661C14C0D41543A46C3548407EF32C52721C14C0450876996D3548408A2283607E1C14C0BC406A8F6E354840122374658A1C14C0C73835866F3548408FC1AB61961C14C067F0D67D7035484089317E54A21C14C00DEE3976713548400073EB3DAE1C14C048AB736F723548407DB9471DBA1C14C089AE6E6973354840EE9DEAF3C51C14C05F7140647435484065877CC0D11C14C03B7AD35F75354840D00E5584DD1C14C01DC9275C76354840419B1C3EE91C14C093D75259773548402FF97EEEF41C14C0102C3F5778354840235CD094001D14C021400256793548409590BC310C1D14C0AA2071557A354840839643C5171D14C0C7C0B6557B35484077A1B94E231D14C07920D3567C354840E87DCACE2E1D14C0A24C9B587D354840D62B76453A1D14C060383A5B7E354840531265B1451D14C095F0845E7F354840C5969A14511D14C05F68A66280354840C553136D5C1D14C02F2689678135484042E226BC671D14C0052A2D6D82354840C5752901731D14C0E0739273833548404E0E1B3C7E1D14C0C203B97A843548405478A76D891D14C01B608B828535484061E72295941D14C0097C348B86354840FC8EE1B19F1D14C0FCDD9E948735484014083BC5AA1D14C0670CB59E88354840328683CEB51D14C0D7808CA9893548405609BBCDC01D14C04E3B25B58A35484009C535C2CB1D14C0CA3B7FC18B35484039524BADD61D14C04D829ACE8C354840F817A48DE11D14C0469561DC8D35484034AF9764EC1D14C046EEE9EA8E354840FF7ECE30F71D14C0BC131EFA8F354840588748F2011E14C0C8F8280A913548402F615DAA0C1E14C0BB30CA1A923548409573B557171E14C0B5AE2C2C9335484089BE50FA211E14C0B472503E94354840FBDA86932C1E14C02B0320519535484085635421371E14C0A7D9B064963548408BBDBCA5411E14C09B7CED7897354840A983BC1E4C1E14C005ECD58D98354840CE4EAB8D561E14C076A17FA399354840F81E89F2601E14C05D23D5B99A354840B127AA4C6B1E14C0BC71D6D09B354840F9680E9C751E14C0210699E89C354840D0E2B5E07F1E14C0FD6607019E3548403695A01A8A1E14C04F94211A9F354840A24C7A4A941E14C0198EE733A03548409D3C976F9E1E14C05A54594EA13548402765F789A81E14C012E77669A23548403FC69A99B21E14C041464085A3354840E75F819EBC1E14C076EBCAA1A43548401D32AB98C61E14C093E3EBBEA5354840E33C1888D01E14C028A8B8DCA63548403780C86CDA1E14C0333931FBA7354840A32F1046E41E14C0B596551AA935484015E44615EE1E14C0AFC0253AAA3548409F0415D9F71E14C01FB7A15AAB354840B85D2692011F14C07800B47BAC3548405FEF7A400B1F14C04816729DAD3548401FED66E3141F14C08FF8DBBFAE3548406D23967B1E1F14C04DA7F1E2AF3548404B920809281F14C0F3A89D06B1354840406D128B311F14C081FDDF2AB2354840C4805F023B1F14C01598E34FB3354840D7CCEF6E441F14C092857D75B43548408BB86BCF4D1F14C0F6C5AD9BB535484045A9D625571F14C0D2D289C2B63548409F392D70601F14C09632FCE9B73548408802C7AF691F14C0D15E1A12B93548400104A4E4721F14C0F4DDCE3ABA3548401AA56C0D7C1F14C0FFAF1964BB354840C27E782B851F14C0824E108EBC35484082C41B3E8E1F14C0EC3F9DB8BD354840D0420246971F14C03F84C0E3BE354840C060D441A01F14C07A1B7A0FC03548403EB7E932A91F14C09D05CA3BC13548405DADEA17B21F14C037BCC568C23548400CDC2EF2BA1F14C02B4C4296C3354840D1760AC1C31F14C095A86AC4C4354840AF7D7D84CC1F14C0E85729F3C53548402E24DC3BD51F14C094E06822C73548403B037EE8DD1F14C0B7355452C8354840604EB789E61F14C03464C082C93548402639DC1EEF1F14C0275FD8B3CA354840049098A8F71F14C0743371E5CB354840FA52EC26002014C0A95AA017CD3548400882D799082014C0C6D4654ACE354840B650AE00112014C03D28AC7DCF354840F357C85C192014C09BCE88B1D03548405A3222AC212014C0E2C7FBE5D13548405045BFF0292014C0829AEF1AD3354840E6F74729322014C00AC07950D4354840951668563A2014C07B389A86D5354840E4D47377422014C0458A3BBDD63548404BFF168D4A2014C068B55DF4D735484053C9A596522014C07333162CD9354840FB3220945A2014C0D88A4F64DA354840BC083286622014C024351F9DDB354840944ADB6C6A2014C0CBB86FD6DC3548400D2C7047722014C0CA154110DE35484027ADF0157A2014C0B1C5A84ADF354840E1CD5CD8812014C063D57B85E0354840B45A608F892014C0FE37E5C0E135484027874F3A912014C0F173CFFCE23548403B532AD9982014C03E893A39E4354840668B9C6CA02014C0E4772676E5354840BC964EF3A72014C0E33F93B3E6354840290E986EAF2014C0CB5A96F1E73548403725CDDDB62014C07DD50430E93548406F0F4240BE2014C08829F46EEA354840BF654E97C52014C0ED5664AEEB354840AF5B46E2CC2014C01CE43FEEEC35484040F12921D42014C033C4B12EEE3548407226F953DB2014C014048F6FEF35484045FBB37AE22014C04F1DEDB0F0354840B86F5A95E92014C0E30FCCF2F135484055B740A3F02014C042621635F33548400A6BBEA5F72014C0FA8DE177F4354840E9F17B9BFE2014C00B932DBBF535484068182585052114C0E7F7E4FEF635484089DEB9620C2114C08DBC0743F8354840D2778E33132114C08C5AAB87F9354840347DFAF8192114C0E5D1CFCCFA354840C055A6B1202114C0792F4A12FC3548407501925D272114C0F5DF5A58FD354840421915FE2D2114C0AD76C19EFE3548403804D891342114C0BFE6A8E5FF35484059C2DA183B2114C09AB6FB2C013648401A20C993412114C040E6B974023648407C1DA302482114C0B175E3BC0336484008EEBC644E2114C0EC64780505364840345EC2BA542114C0802D8E4E063648408AA107045B2114C04FDCF9970736484081843841612114C07864E6E108364840A13AA971672114C0DDD2282C0A364840639005966D2114C09B1AEC760B364840D7ECF5AC732114C0944805C20C36484062B57DB8792114C058D6890D0E364840A18499B67F2114C0E6C379590F36484080F3A0A8852114C0B097BFA5103648408935E88D8B2114C0D34486F21136484033171B67912114C032D8A23F133648408FFFE132972114C0CC51158D143648408C8794F29C2114C0BFA408DB153648402AAF32A6A22114C0EEDD5129173648407ADD644CA82114C059FDF07718364840F4DED6E5AD2114C08E7CFBC6193648400F803473B32114C0FEE15B161B36484054F4D1F3B82114C039A727661C364840C23BAF67BE2114C0AF5249B61D3648405A56CCCEC32114C061E4C0061F3648401C442929C92114C0DED5A357203648400705C676CE2114C095ADDCA8213648401D99A2B7D32114C0896B6BFA223648405B00BFEBD82114C04789654C24364840C43A1B13DE2114C0B113A09E253648405648B72DE32114C0E6FD45F1263648401229933BE82114C0C8542C4428364840F8DCAE3CED2114C0740B7E972936484090975E30F22114C0CC2E10EB2A364840C9F1F917F72114C0EFB10D3F2C364840B55229F2FB2114C0BFA14B932D364840415344C0002214C059F1F4E72E364840805AF380052214C0A0ADDE3C30364840E934E2340A2214C093D60892313648407BE210DC0E2214C0515F9EE732364840C096D375132214C0BC54743D34364840A6EA8103182214C06230A093353648403F45C4831C2214C043F221EA36364840017346F7202214C0D120E4403836484076A75C5D252214C00CBCE6973936484014AFB2B6292214C011B754EF3A364840DD8948032E2214C035A5ED463C364840CE371E43322214C09379DC9E3D36484073EC8775362214C09EBA0BF73E3648404174319B3A2214C0E5E1904F40364840C2026FB33E2214C0D87556A8413648406D64ECBE422214C079765C01433648404199A9BD462214C0545DB85A44364840C8D4FAAE4A2214C04D373FB4453648400117E0924E2214C082F71B0E47364840DCF8B06A522214C06424396848364840F2146A34562214C0F2BD96C249364840A8D00EF2592214C09E4A1F1D4B3648409BC69BA15D2214C086BDFD774C3648402D5C1445612214C01A9D1CD34D364840FC2B75DA642214C0CC6F662E4F364840F4CE1563682214C0B928068A503648401645F6DE6B2214C0C4D4D0E551364840EBC16A4D6F2214C07CEDDB4153364840724573AE722214C0E172279E54364840239CBB02762214C063EB9DFA5536484086F99749792214C092D0545757364840142AB4837C2214C06D224CB458364840546164B07F2214C067676E115A364840469FA8CF822214C00D19D16E5B36484062B02CE2852214C0D1BD5ECC5C36484031C844E7882214C0B255172A5E364840B2E6F0DE8B2214C0405A10885F3648405ED8DCC98E2214C07BCB49E660364840BBD05CA7912214C045B6984462364840CCCF7077942214C0BB0D28A3633648408FD5183A972214C04F58E201653648407CAE00F0992214C00196C760663648401B8E7C989C2214C06040EDBF673648406D748C339F2214C04D64281F69364840726130C1A12214C0E7F4A37E6A364840A0211442A42214C010FF34DE6B36484081E88BB5A62214C0E675063E6D36484015B6971BA92214C0D9DF029E6E3648405B8A3774AB2214C05CC314FE6F364840CB3117C0AD2214C0FC99515E713648407613DFFDAF2214C0B963B9BE723648404CC8E62EB22214C095204C1F74364840D3838252B42214C08ED00980753648400E46B268B62214C017FADCE076364840FB0E7671B82214C0BD16DB41783648409BDECD6CBA2214C0F1ACEEA2793648406481655BBC2214C044362D047B364840E02A913CBE2214C0B4B296657C364840980EA50FC02214C0B4A815C77D36484079C5F8D5C12214C04218AA287F3648400D83E08EC32214C0EE7A698A8036484054475C3AC52214C029573EEC813648404D126CD8C62214C081263E4E83364840F9E30F69C82214C0696F53B084364840CE88F3ECC92214C0DF317E1286364840DF67BF62CB2214C0E46DBE7487364840A34D1FCBCC2214C0792314D7883648409106BF26CE2214C02ACC94398A364840BAF94674CF2214C0DC74159C8B3648400CC00EB5D02214C0AC10C1FE8C3648409BC0BEE7D12214C07CAC6C618E3648405394AE0DD32214C0693B43C48F364840BD6E3226D42214C056CA19279136484063839E30D52214C0D3D2058A92364840336B4A2ED62214C0DE5407ED93364840B6598A1ED72214C078501E5095364840EB4E5E01D82214C0A1C54AB3963648405B7E1AD6D82214C0CA3A771698364840F680169ED92214C08229B97999364840438AA658DA2214C03A18FBDC9A364840439ACA05DB2214C0808052409C364840F5B082A5DB2214C0C7E8A9A39D364840E3012337DC2214C09DCA16079F364840FA2503BCDC2214C00126996AA0364840C4507733DD2214C066811BCEA136484041827F9DDD2214C0CADC9D31A336484071BA1BFADD2214C02F382095A4364840DC2CA048DE2214C0220DB8F8A53648407072648ADE2214C016E24F5CA7364840B8BEBCBEDE2214C009B7E7BFA8364840B211A9E5DE2214C0FC8B7F23AA3648405E6B29FFDE2214C07FDA2C87AB36484046FF910ADF2214C072AFC4EAAC36484058663A09DF2214C0F4FD714EAE3648401DD476FADE2214C0E8D209B2AF3648401D7C9BDDDE2214C06A21B715B136484047F7FFB3DE2214C05DF64E79B23648402379F87CDE2214C051CBE6DCB33648403B35D937DE2214C044A07E40B53648407DC4F9E5DD2214C0377516A4B6364840715AAE86DD2214C09CD09807B8364840A12A4B19DD2214C0002C1B6BB9364840FACD279FDC2214C065879DCEBA36484006789817DC2214C03B690A32BC3648404E5CF181DB2214C0104B7795BD364840C0138ADFDA2214C057B3CEF8BE364840E4D1B62FDA2214C09E1B265CC036484043CACB71D92214C0E4837DBFC1364840CD9520A7D82214C00DF9A922C3364840096809CFD72214C0366ED685C43648408074DAE8D62214C05FE302E9C53648402154EBF5D52214C06A65044CC7364840753A90F5D42214C076E705AFC83648407C27C9E7D32214C0F2EFF111CA364840BE4EEACBD22214C0DF7EC874CB3648402A494BA3D12214C03E9489D7CC364840484A406DD02214C09CA94A3ACE3648401952C929CF2214C0DDCBE09CCF3648409D60E6D8CD2214C08F7461FFD0364840D375977ACC2214C0B2A3CC61D2364840BC91DC0ECB2214C0D5D237C4D336484057B4B595C92214C04C956226D5364840A6DD220FC82214C0C2578D88D6364840A60D247BC62214C0A9A0A2EAD7364840D11065DAC42214C073F68C4CD9364840374E8E2BC32214C0AED261AEDA364840C75EF76FC12214C0CBBB0B10DC36484092A948A6BF2214C0E8A4B571DD36484087C7D9CFBD2214C058211FD3DE3648402FECFEEBBB2214C03A247334E03648408917B8FAB92214C08DADB195E1364840964905FCB72214C0C143C5F6E23648405682E6EFB52214C06760C357E4364840C8C15BD6B32214C0611081B8E536484064D410B0B12214C05AC03E19E73648403B21AE7BAF2214C0A703BC79E83648403C418B3AAD2214C065CD23DAE9364840F067FCEBAA2214C0762A4B3AEB36484056950190A82214C0F80D5D9AEC364840E7954627A62214C05DFE43FAED364840B2D073B0A32214C03275155AEF364840A8DEE02CA12214C05B7FA6B9F036484050F3E19B9E2214C066960C19F2364840AA0E77FD9B2214C054BA4778F33648402FFD4B52992214C023EB57D7F4364840EE250999962214C046AF2736F6364840D82106D3932214C0DBF9E194F7364840EBF04200912214C0C2D75BF3F83648403AFA671F8E2214C08CC2AA51FA364840B3D6CC318B2214C038BACEAFFB364840DEB9C536882214C0C6BEC70DFD364840BCA3522E852214C0A856806BFE364840C3601F19822214C0DC81F8C8FF3648407E2480F67E2214C0F4B945260137484061BB20C77B2214C0EDFE678302374840818CA989782214C03AD749E00337484041FD1D40752214C0DA42EB3C053748403DA87AE8712214C05CBB619906374840622617846E2214C032C797F5073748403AAB47126B2214C05A668D51093748403C03B893672214C0661258AD0A374840F161BC07642214C0C451E2080C374840CF93006F602214C076242C640D3748405FCCD8C85C2214C07B8A35BF0E3748401AD8F015592214C0D483FE191037484087EA9C55552214C08010877411374840A703DD87512214C07F30CFCE12374840F0EF5CAD4D2214C0D2E3D6281437484063AF1CC6492214C0782A9E8215374840897570D1452214C0710425DC16374840D80E04D0412214C02FF8553518374840DAAE2BC13D2214C0CFF85B8E19374840062293A5392214C034130CE71A3748405C683A7D352214C0ECC07B3F1C37484064B57547312214C0688895971D37484096D5F0042D2214C0C65C84EF1E3748407AFCFFB4282214C05BD107472037484088F64E58242214C0D152609E21374840C0C3DDEE1F2214C07D744DF522374840AB9700781B2214C00BA30F4C24374840360B0FF5162214C0CF7166A2253748407485B164122214C0E6D37CF8263748406406E8C60D2214C051C9524E28374840F5260A1D092214C0F15EBDA329374840394EC065042214C0E487E7F82A374840A748B6A1FF2114C09CCABB4D2C3748403E16ECD0FA2114C0A7A04FA22D374840FFB661F3F52114C0E81678F62E374840735E6B08F12114C07C20604A3037484087A56011EC2114C0D543F29D313748404EF3E90CE72114C0630719F1323748403F14B3FBE12114C0455EFF4334374840D0D467DEDC2114C05C557A9635374840159CB0B3D72114C0C6DFB4E8363748408236397CD22114C0660A843A383748401AA40138CD2114C0CB4EFD8B39374840DBE409E7C72114C0F4AC20DD3A374840C6F85189C22114C0E124EE2D3C37484052AC851FBD2114C0043D507E3D37484090664DA8B72114C0EC6E5CCE3E374840F8F35424B22114C098BA121E4037484001214894AC2114C079A65D6D4137484034217BF7A62114C01FAC52BC4237484090F4ED4DA12114C0FB51DC0A44374840169BA0979B2114C09B11105945374840C51493D4952114C07171D8A6463748409F61C504902114C00BEB4AF447374840194EE3288A2114C0DB04524149374840BC0D4140842114C0E0BEED8D4A3748408AA0DE4A7E2114C01B191EDA4B374840F8D26749782114C01A8DF8254D37484090D8303B722114C04FA167714E37484052B139206C2114C0B9556BBC4F3748403D5D82F8652114C05AAA030751374840C9A8B6C45F2114C02F9F305152374840F693D684592114C0C9AD079B533748404C523638532114C00AE35DE454374840CDE3D5DE4C2114C081B8482D56374840EE146179462114C02D2EC8755737484039192C07402114C00E44DCBD5837484024BDE288392114C025FA84055A374840B00085FE322114C07250C24C5B374840661767672C2114C065CD7E935C374840BDCD34C4252114C08EEACFD95D3748403D5742141F2114C0EDA7B51F5F3748405F803B58182114C0810530656037484021492090112114C0BC8929AA613748400CE544BB0A2114C09E34A2EE62374840992055DA032114C0B57FAF3264374840C6FB50EDFC2014C0026B517665374840947638F4F52014C0F57C72B96637484003910BEFEE2014C01E2F28FC673748409B7E1EDDE72014C0EE075D3E693748404CD8C8BFE02014C0640711806A3748402605B395D92014C010A759C16B374840A0D1885FD22014C0D4F30B026D374840BC3D4A1DCB2014C05C5A68426E3748407849F7CEC32014C0FD6D2E826F374840D5F48F74BC2014C043A873C170374840D33F140EB52014C0C0824D0072374840E9F62F9CAD2014C0540A913E7337484028818B1DA62014C01E32697C7437484008ABD2929E2014C08E80C0B9753748400041B1FC962014C0167C81F67637484099767B5A8F2014C0D417D73278374840D24B31AC872014C0AA60966E79374840ADC0D2F17F2014C0B549EAA97A37484028D55F2B782014C0D8DFA7E47B374840BB558459702014C0A29CE41E7D374840EE75947B682014C084068B587E3748403A023C92602014C09B10C6917F374840AF61239C582014C0CAC76ACA80374840B3F94D9B502014C0112C790282374840E164B88D482014C08D301C3A833748409E086675402014C09368137184374840847F5350382014C0CD409FA7853748408262D81F302014C020C694DD8637484098B1F4E3272014C08BF8F31288374840C66CA89C1F2014C09C51D2478937484095C74749172014C0C5571A7C8A37484004C2D2E90E2014C0060BCCAF8B37484003F5A07F062014C0EDE4FCE28C374840A2C75A09FE1F14C0ED6B97158E3748405906AC87F51F14C004A09B478F374840B0E4E8F9EC1F14C0338109799037484097FB6861E41F14C00989F6A9913748401EB2D4BCDB1F14C0F63D4DDA92374840BED4D70CD31F14C0FC9F0D0A9437484075637251CA1F14C08A35223995374840BB2A508BC11F14C0BFF1B56796374840A19119B9B81F14C00C5BB39597374840A0647ADBAF1F14C070711AC398374840B6A372F2A61F14C0ED34EBEF99374840E54E02FE9D1F14C0F22B101C9B3748402B6629FE941F14C09E49B4479C37484000B693F38B1F14C0D39AAC729D37484076A5E9DC821F14C020990E9D9E3748407ACD82BB791F14C0F6CAC4C69F3748409761B38E701F14C07223FAEFA0374840422E2757671F14C077AF8318A2374840056732145E1F14C095E87640A3374840E10BD5C5541F14C03B55BE67A4374840D31C0F6C4B1F14C0F96E6F8EA537484055668C07421F14C040BC74B4A637484066E84C98381F14C09EB6E3D9A7374840180AF91C2F1F14C0155EBCFEA8374840CF309497251F14C085BFD322AA3748409EC3C6061C1F14C09C476A46AB37484085C2906A121F14C0AE893F69AC37484073C649C4081F14C0D7787E8BAD37484078369A12FF1E14C0899B11ADAE37484094128255F51E14C0C4F1F8CDAF374840B7F3588EEB1E14C017F549EEB0374840F240C7BBE11E14C0F22BEF0DB2374840BBC678DED71E14C05796E82CB337484014856DF6CD1E14C04534364BB437484084AFF902C41E14C0BB05D868B5374840FADE7405BA1E14C0BA0ACE85B6374840FF4633FDAF1E14C0434318A2B737484093E734EAA51E14C054AFB6BDB83748403FF4CDCB9B1E14C0EE4EA9D8B9374840F10556A3911E14C01122F0F2BA37484032502170871E14C0BE288B0CBC37484001D32F327D1E14C0F3627A25BD374840D75A2DEA721E14C0B1D0BD3DBE374840C54EC296681E14C069F83F55BF374840B84746395E1E14C0A953166CC03748403A790DD1531E14C073E24082C1374840C3AFC35E491E14C0372BAA97C2374840DA1EBDE13E1E14C084A767ACC337484080C6F959341E14C05A5779C0C43748402C7325C8291E14C0B93ADFD3C53748406758942B1F1E14C0825E6EE6C6374840A842F284141E14C0642F67F8C7374840EF313FD4091E14C040BA9E09C9374840C559CF18FF1D14C016FF141ACA374840A1864E53F41D14C07477DF29CB3748400CEC1083E91D14C0CDA9E838CC374840F3226EA9DE1D14C0AF0F4647CD3748406A920EC5D31D14C0FCB5CC54CE374840E7069ED6C81D14C06009BD61CF37484069801CDEBD1D14C0309DD66DD03748407B32DEDAB21D14C089644479D137484009B63ACEA71D14C0DCE5F083D23748409E3E86B79C1D14C02921DC8DD337484038CCC096911D14C070160697D4374840D95EEA6B861D14C0B0C56E9FD53748407FF602377B1D14C0EB2E16A7D63748402C930AF86F1D14C0AFCB11AED7374840DE3401AF641D14C0DFA836B4D83748400EA8925C591D14C097B9AFB9D9374840432013004E1D14C0BA0A52BEDA3748407F9D8299421D14C0D71533C2DB37484037EC8C29371D14C07D5468C5DC374840F63F86AF2B1D14C08FD3C6C7DD37484031651A2C201D14C00B934EC9DE374840728F9D9E141D14C010862ACADF374840318BBB07091D14C0103345CAE0374840F58BC866FD1C14C07B2089C9E1374840375E70BCF11C14C0DFC70BC8E2374840F501B308E61C14C0AFAFB7C5E3374840BAAAE44ADA1C14C07951A2C2E4374840FC24B183CE1C14C03DADCBBEE5374840BA7018B3C21C14C0FBC233BAE6374840F68D1AD9B61C14C02419C5B4E7374840AE7CB7F5AA1C14C0B9AF7FAEE83748406D7043089F1C14C0470079A7E937484020021612931C14C0CF0AB19FEA37484050658312871C14C0C3551297EB374840FD998B097B1C14C022E19C8DEC37484026A02EF76E1C14C07B266683ED374840CD776CDB621C14C03FAC5878EE37484068EDF0B6561C14C06E72746CEF374840096864884A1C14C097F2CE5FF03748409F801E513E1C14C02BB35252F137484028371F11321C14C02BB4FF43F23748402EBFBAC7251C14C0246FEB34F3374840B118F174191C14C0896A0025F437484029106E190D1C14C0CA2C2914F53748401DD985B4001C14C005A99002F63748400640E446F41B14C0AB6521F0F6374840E34489D0E71B14C0BD62DBDCF73748403C1BC950DB1B14C0C819D4C8F83748408A8F4FC8CE1B14C0B097E0B3F9374840CCA11C37C21B14C00356169EFA3748408B85849CB51B14C0C1547587FB374840B5D3DEF9A81B14C0EA93FD6FFC3748405DF3D34D9C1B14C07E13AF57FD3748406F7DBB998F1B14C07ED3893EFE374840FFD83DDC821B14C0E9D38D24FF374840F99EB216761B14C0309BA50900384840E8026E48691B14C0E2A2E6ED00384840CB0470715C1B14C08E6466D101384840A2A4B8914F1B14C08873E4B3023848406DE247A9421B14C07B3CA19503384840A38AC9B8351B14C04BCC717604384840CDD091BF281B14C0869C6B5605384840ECB4A0BD1B1B14C02CAD8E35063848407603A2B30E1B14C0AF84C51307384840F3EFE9A0011B14C09D9C25F107384840DC462486F41A14C0677B99CD0838484030085163E71A14C09C9A36A9093848407967C437DA1A14C0AD80E7830A3848402C312A04CD1A14C02AA7C15D0B3848404B6582C8BF1A14C08394AF360C3848405D372184B21A14C047C2C60E0D38484052405E38A51A14C0E7B6F1E50D3848403BE7E1E3971A14C0F3EB45BC0E3848408FF857878A1A14C0DAE7AD910F3848404F74C0227D1A14C09EAA296610384840F126C7B66F1A14C03F34B9391138484086771442621A14C04AFE710C12384840FEFEFFC5541A14C0328F3EDE12384840E1F0DD41471A14C0856034AF13384840304DAEB5391A14C0257F287F14384840E91371212C1A14C031DE454E153848408511D2851E1A14C01804771C163848408C7925E2101A14C04E77A6E91638484075181737031A14C07DA414B617384840CA21FB83F51914C0F91E8181183848408995D1C8E71914C05260014C19384840A20CF206DA1914C0876895151A38484026EE043DCC1914C099373DDE1A384840163A0A6BBE1914C016470EA61B3848405E895992B01914C0E0A3DD6C1C38484012439BB1A21914C086C7C0321D3848401F0027CA941914C008B2B7F71D3848409727A5DA861914C06763C2BB1E384840F285C1E3781914C0A2DBE07E1F3848402F1B7CE56A1914C0BA1A1341203848404EE7D4DF5C1914C01FA7430221384840C6B677D34E1914C0EF739DC221384840A9F00CBF401914C00C8EF58122384840E62DECA3321914C0066F61402338484005A26981241914C04D9DCBFD233848407D193158161914C0FF0B5FBA24384840D8C79627081914C0FFC7F0752538484015AD9AEFF91814C0DB4A963026384840AB95E8B0EB1814C0041B3AEA263848409B81806BDD1814C009B2F1A2273848406CA4B61ECF1814C05C96A75A2838484097CA36CBC01814C01BBB861129384840A5275570B21814C097B34EC7293848408254690FA41814C07FEC3F7C2A38484042B81BA7951814C025F919302B3848405C1F1838871814C037461DE32B384840CE895EC2781814C096E01E952C3848409AF7EE456A1814C042C81E462D384840BF68C9C25B1814C03CFD1CF62D3848403EDDED384D1814C0A17244A52E3848408D2108A93E1814C0C4BB54532F384840BE9CC011301814C0C4CB780030384840BFE76E74211814C011299BAC303848401A3667D0121814C03A4DD1573138484045545526041814C02245F00132384840CA758D75F51714C0757D38AB32384840A89A0FBEE61714C08689695333384840CD5B3301D81714C0745CAEFA33384840D553F53CC91714C0AF7CF1A03438484024E85873BA1714C038EA324635384840CC7F06A3AB1714C00EA572EA3538484045E7A9CC9C1714C0C026C68D36384840175297EF8D1714C0317C0230373848403059260D7F1714C07E9852D137384840A363FF23701714C01902A171383848405D0A7A35611714C001B9ED1039384840E880EA40521714C036BD38AF39384840CCFAA445431714C0B80E824C3A384840F7100145341714C089ADC9E83A384840F3F6523E251714C0A6990F843B38484036794632161714C0A04C691E3C384840D3FE831F071714C058D3ABB73C3848402EED0E08F81614C05EA7EC4F3D384840E2DEE3E9E81614C0B1C82BE73D384840DE6C5AC6D91614C05137697D3E3848402197729DCA1614C03FF3A4123F3848403591806EBB1614C07AFCDEA63F3848409027303AAC1614C00353173A40384840335A81009D1614C04A7D38CC40384840A65CC8C08D1614C06D6E6D5D41384840D7C75C7C7E1614C04F338BED41384840D902E7316F1614C07F45A77C4238484022DA12E25F1614C0FBA4C10A433848402A1A8C8D501614C0C651DA9743384840022AFB32411614C04ED2DB234438484022D60BD3311614C0B319F1AE4438484000EB696E221614C0D734EF3845384840269C6904131614C0B923D6C14538484093E90A95031614C0E85FBB4946384840BF9FF920F41514C0F462B4D04638484032F289A7E41514C02FC080564738484063AD6729D51514C046E460DB47384840DC04E7A5C51514C08E62145F4838484014C5B31DB61514C0B1A7DBE14838484093212290A61514C093C08B6349384840D1E6DDFD961514C0C2263AE449384840CD14E766871514C0B060D1634A38484087AB3DCB771514C0ECE766E24A38484089DE352A681514C074BCFA5F4B384840C1462785581514C0BB6477DC4B384840B71766DB481514C0C1E0DC574C384840F584462C391514C014AA40D24C38484068272079291514C0B5C0A24B4D3848409A3247C1191514C014ABEDC34D384840017367050A1514C03169213B4E384840B04F2944FA1414C09C7453B14E3848409461E47EEA1414C0C6536E264F384840AEA898B5DA1414C03C80879A4F38484086589AE7CA1414C07280890D503848401D71E914BB1414C0F5CD897F50384840EABE313EAB1414C0A7755DF050384840EC4173639B1414C036E4446051384840AD2D02848B1414C0F4ACFFCE513848401A1B36A17B1414C000C3B83C523848404671B7B96B1414C0CAAC5AA952384840A7FC31CE5B1414C0E1E3FA14533848403EBDA5DE4B1414C0B8EE837F533848400BB312EB3B1414C04CCDF5E8533848400DDE78F32B1414C09F7F505154384840453ED8F71B1414C0407FA9B8543848402AA0DCF80B1414C09F52EB1E553848404437DAF5FB1314C0BCF91584553848409303D1EEEB1314C0997429E8553848401805C1E3DB1314C0C23C3B4B563848404A0856D5CB1314C01B5F20AD56384840290D90C3BB1314C0C2CE030E573848403D47C3ADAB1314C02712D06D5738484087B6EF939B1314C0D9A29ACC57384840F4F36C778B1314C0BB8D382A583848409766E3567B1314C0EBC5D48658384840E7DAFE326B1314C0D8D159E258384840E350BF0B5B1314C0F637B23C5938484015FC78E04A1314C061EB0896593848406B7583B23A1314C08B7248EE593848406DF032812A1314C073CD70455A3848401C6D874C1A1314C0A875979B5A38484078EB80140A1314C00D7891F05A384840806B1FD9F91214C0314E74445B384840ACB90E9BE91214C0A27155975B3848408509A359D91214C042EF09E95B38484081278815C91214C030BABC395C3848402A4712CEB81214C04EDF42895C38484080684183A81214C0B951C7D75C384840FA57C135981214C0531E1F255D384840971592E5871214C03B3875715D38484058A1B392771214C053AC9EBC5D384840C52E7A3C671214C029F4B0065E384840578A91E3561214C04D89C14F5E3848400CB4F987461214C0A078A5975E384840E4ABB229361214C041B587DE5E384840E171BCC8251214C0114C3D245F38484078D2C265151214C0A0B6DB685F384840BC346EFF041214C0EDF462AC5F3848409B311697F41114C0F906D3EE5F3848409DFC0E2CE41114C0C3EC2B3060384840C39558BED31114C04CA66D706038484084C99E4EC31114C0933398AF6038484069CB35DCB21114C00A1B96ED60384840719B1D67A21114C0CE4F922A613848408CD2ADF0911114C0C2DE616661384840CAD78E77811114C075411AA1613848402BABC0FB701114C075F1D0DA613848409FE59A7E601114C0158245136238484036EEC5FE4F1114C00360B84A623848406891ED7C3F1114C0B01114816238484035CF11F92E1114C08C1D43B6623848401474DE731E1114C0B67670EA6238484017E7FBEB0D1114C00F2A711D63384840B4F41562FD1014C026B15A4F633848406369D8D6EC1014C06E92178063384840AD789749DC1014C003C1D2AF63384840922253BACB1014C0C74961DE633848408833B729BB1014C04AA6D80B643848401ADF1797AA1014C08BD6383864384840BDF120039A1014C08BDA816364384840FB9E266D891014C0BB389E8D643848404BB3D4D5781014C038E4B8B664384840AD2E2B3D681014C0E4E9A6DE6438484021112AA3571014C0C0496805653848402F8E2507471014C0EAF6272B653848404F72C969361014C043FEBA4F6538484082BD15CB251014C05BD93673653848403D3CB62B151014C031889B95653848409355538A041014C03791D3B665384840FAD598E7F30F14C0FC6DF4D665384840EB893244E30F14C07E1EFEF565384840EEA4749FD20F14C0C0A2F0136638484079F30AFAC10F14C03181B630663848409FDC9D52B10F14C0EFAC7A4C66384840C6C530ABA00F14C04FB9FC66663848408749C001900F14C0FB127D806638484048CD4F587F0F14C0D7C6D098663848401BB887AD6E0F14C0724E0DB066384840000A68015E0F14C0CBA932C666384840E45B48554D0F14C0545F2BDB66384840DB14D1A73C0F14C09CE80CEF66384840D2CD59FA2B0F14C0A245D70167384840DAED8A4B1B0F14C066768A13673848406C41109C0A0F14C05A01112467384840FD9495ECF90E14C00D60803367384840A04FC33BE90E14C0EF18C34167384840440AF18AD80E14C090A5EE4E6738484070F872D9C70E14C0EF05035B673848409CE6F427B70E14C00D3A006667384840DA3B1F75A60E14C05AC8D06F67384840905DF5C2950E14C0662A8A7867384840CEB21F10850E14C030602C8067384840953B9E5C740E14C02AF0A186673848405CC41CA9630E14C0E353008C67384840234D9BF5520E14C05A8B479067384840EAD51942420E14C0011D6293673848403A92EC8D310E14C06682659567384840011B6BDA200E14C08ABB51966738484051D73D26100E14C0DD4E1196673848401860BC72FF0D14C0EFB5B99467384840681C8FBEEE0D14C0BFF04A92673848402FA50D0BDE0D14C04EFFC48E67384840F62D8C57CD0D14C00D68128A67384840BDB60AA4BC0D14C0FB2A338467384840FB0B35F1AB0D14C0363B527D673848403A615F3E9B0D14C0A1A544756738484078B6898B8A0D14C0CBE31F6C673848402DD85FD9790D14C0247CCE616738484059C6E127690D14C0CB617B566738484085B46376580D14C01328E64967384840296F91C5470D14C0A73B4F3C6738484043F66A15370D14C06CA98B2D67384840D549F065260D14C0EFEAB01D67384840DD6921B7150D14C03000BF0C67384840E6895208050D14C0A26FA0FA66384840DC42DB5AF40C14C0D1B26AE7663848404AC80FAEE30C14C0BFC91DD3663848402F1AF001D30C14C0DD3AA4BD663848408B387C56C20C14C049F928A766384840D5EF5FACB10C14C054986B8F663848409673EF02A10C14C0AE84AC7666384840CEC32A5A900C14C037CBC05C66384840F4ACBDB27F0C14C07EE5BD41663848409262FC0B6F0C14C084D3A325663848401DB192665E0C14C0BA1B5D0866384840979880C24D0C14C03DB114EA65384840874C1A1F3D0C14C061278ACA6538484066990B7D2C0C14C0D2EAFDA965384840AA4B00DD1B0C14C0730845886538484065CAA03D0B0C14C0D2F97465653848400FE2989FFA0B14C0F0BE8D4165384840A692E802EA0B14C0CC578F1C653848402CDC8F67D90B14C0D84A64F6643848409FBE8ECDC80B14C0A31122CF6438484078069135B80B14C02CACC8A6643848403FE7EA9EA70B14C0731A587D64384840F4609C09970B14C0EAE2BA52643848400F405176860B14C0207F06276438484017B85DE4750B14C014EF3AFA633848400EC9C153650B14C0C73258CC63384840E10BD5C5540B14C0A9D0489D63384840A2E73F39440B14C0D9BB376D63384840C828AEAE330B14C03801FA3B63384840DC027425230B14C0561AA50963384840CD0EE99E120B14C0330739D662384840ACB3B519020B14C03F4EA0A162384840F0BD8596F10A14C098E2056C6238484010FA0416E10A14C021D13E35623848401ECFDB96D00A14C0699360FD6138484009D6611AC00A14C06F296BC4613848405942EB9FAF0A14C033935E8A613848400E1478279F0A14C02857254F613848409F17B4B18E0A14C06968EA12613848409680F33D7E0A14C0DAD382D560384840F14E36CC6D0A14C00A130497603848402A4F285D5D0A14C0F8256E57603848403E81C9F04C0A14C03486D61660384840B7186E863C0A14C010C7FCD45F38484084AE6D1F2C0A14C03A5521925F3848403FDDC4B91B0A14C023B72E4E5F3848404E0A77570B0A14C0C9EC24095F3848403869D8F7FA0914C0A07CEEC25E384840FFF9E89AEA0914C0C459B67B5E3848402BF0FC3FDA0914C0A60A67335E384840ABE46BE8C90914C0B815EBE95D384840060B8A93B90914C0186E6D9F5D3848403E635741A90914C0A720C3535D384840CAB97FF2980914C0F4A601075D384840BA75ABA5880914C08F7A3EB95C38484075FCDD5C780914C05AA84E6A5C38484095E81316680914C072235D1A5C384840809F50D3570914C0B9F83EC95B384840CFBB9092470914C04E1B1F775B384840EAA2D755370914C01398D2235B384840E0BBCD1B270914C0256284CF5A3848402AD31EE5160914C0F5FF1E7A5A384840C7E8CAB1060914C0F6F78C235A384840B7FCD181F60814C0433DF9CB59384840FB0E3455E60814C04F564E73593848401B53452BD60814C01A438C195938484006625D05C60814C0A303B3BE58384840446FD0E2B50814C0EB97C26258384840D57A9EC3A50814C08079D00558384840305173A8950814C044B5B1A7573848406859F78F850814C0563E914857384840E2F82D7C750814C0279B59E85638484037CA136B650814C0B6CB0A87563848405766005E550814C004D0A4245638484042CDF354450814C09F213DC1553848408032424F350814C069CDA85C553848408862974D250814C081C612F7543848405A5DF34F150814C05893659054384840F7225656050814C07CADB62854384840E8E61360F50714C0CF21DBBF53384840A275D86DE50714C070E3FD55533848409F9B4F80D50714C05FF21EEB52384840EEBF2196C50714C07C5B137F523848407F7BA6B0B50714C0E811061252384840643586CEA50714C0129CE1A3513848408A8618F1950714C08973BB3451384840F16E5D18860714C030A568C450384840AC55FD42760714C0B39D295350384840A8D34F72660714C066F0BDE04F384840E6E854A6560714C06690506D4F384840EEC860DE460714C0B47DE1F84E384840C073731A370714C031C545834E384840D4B5385B270714C08BD3BD0C4E384840298FB0A0170714C0143C09954D384840C0FFDAEA070714C0EAF1521C4D3848409907B839F80614C00EF59AA24C3848403CDA9B8CE80614C0F1CBCB274C384840204432E4D80614C021F0FAAB4B384840BD112741C90614C00FE8122F4B38484024AA22A2B90614C04B2D29B14A38484044A67C08AA0614C0454628324A3848402E6DDD729A0614C08DAC25B249384840D1979CE28A0614C093E60B31493848402C26BA577B0614C0E76DF0AE48384840527FDED06B0614C08842D32B48384840303C614F5C0614C0E7EA9EA747384840C75C42D34C0614C094E06822473848409F14D65B3D0614C000AA1B9C46384840B9631CE92D0614C0B8C0CC144638484002E36C7C1E0614C0BF247C8C453848408DF96F140F0614C012D629034538484059A725B1FF0514C0245BC078443848405585E553F00514C0842D55ED4338484093FA57FBE00514C0314DE8604338484000A0D4A8D10514C09C4064D342384840AEDC035BC20514C0E4FAF344423848408D493D13B30514C0EA886CB541384840AC4D29D0A30514C03E64E32441384840FB811F93940514C05013439340384840031A745B850514C03F89B60040384840C4152729760514C07A4C286D3F384840B341E4FC660514C075E382D83E384840E50454D5570514C0BCC7DB423E384840BDC479B4480514C0E07248AC3D3848404EE8FD98390514C0C3F19D143D384840976FE0822A0514C0F3BDF17B3C3848401027CD721B0514C070D743E23B384840B80EC4680C0514C03B3E94473B3848409026C564FD0414C053F2E2AB3A38484021A22466EE0414C0B9F32F0F3A384840E14D8E6DDF0414C0FABB907139384840D129027BD00414C0FB57DAD238384840F035808EC10414C048412233383848403F7208A8B20414C072F17D923738484035AB46C8A30414C05B75C2F036384840E347E3ED940414C020C01A4E36384840C1148A19860414C0325871AA3538484046DEE64B770414C0923DC60535384840FAD74D84680414C03F70196034384840DE01BFC2590414C0C86980B9333848406828E6074B0414C01037D01133384840237F17533C0414C034CB33693238484083D2FEA42D0414C03426ABBF313848408B229CFD1E0414C0F3540B1531384840C2A2435C100414C08E4A7F69303848402953F5C0010414C0768DF1BC2F384840ADCC082DF30314C03B97770F2F3848406176269FE40314C04DEEFB602E384840BC1CFA17D60314C0AD927EB12D384840BEBF8397C70314C0E9FD14012D384840665FC31DB90314C072B6A94F2C384840B5FBB8AAAA0314C0D835529D2B384840AA94643E9C0314C08B02F9E92A384840462AC6D88D0314C01A96B3352A38484089BCDD797F0314C0F7766C8029384840EA175722710314C0B01E39CA28384840F16F86D1620314C0B6130413283848409FC46B87540314C099CFE25A27384840F4150744460314C05752D5A12638484066300408380314C06422C6E725384840F71363D3290314C04CB9CA2C253848402DF477A51B0314C01117E37024384840829DEE7E0D0314C023C2F9B3233848407D431B5FFF0214C0123424F62238484096B2A946F10214C0DD6C623722384840CDEA9935E30214C0F5F29E772138484022ECEB2BD50214C0E93FEFB6203848401DEAF328C70214C0BA5353F51F384840AD7D092EB90214C0672ECB321F384840E40DD539AB0214C0F0CF566F1E3848403867024D9D0214C05638F6AA1D38484022563D688F0214C009EE93E51C384840290EDA8A810214C027E45A1F1C3848404E8FD8B4730214C0932720581B38484090D938E6650214C069AB0E901A384840F1ECFA1E580214C08E7CFBC619384840E695CA5F4A0214C01D8E11FD18384840F907FCA73C0214C0FAEC253218384840A10F3BF82E0214C0418C63661738484066E0DB4F210214C0D7789F9916384840C0468AAF130214C0D7A504CC1538484038769A16060214C0B4997DFD14384840453BB885F80114C06D540A2E1438484070C937FCEA0114C002D6AA5D13384840A6B9707BDD0114C00298748C12384840FB720B02D00114C0DF2052BA11384840E4C1B390C20114C0987043E71038484062A66927B50114C02D8748131038484075202DC6A70114C02EDE763E0F3848401C30FE6C9A0114C00AFCB8680E38484059D5DC1B8D0114C0C3E00E920D3848402A10C9D27F0114C0E8058EBA0C38484090E0C291720114C0E8F120E20B38484002137659650114C0C5A4C7080B384840910E8B28580114C00D98972E0A3848402D6C59004B0114C0C0CB905309384840D42BE1E03D0114C04FC69D7708384840118176C9300114C04A01D49A07384840E26B19BA230114C020031EBD06384840BFB875B3160114C0624591DE05384840319BDFB4090114C0804E18FF04384840AEDF02BFFC0014C00A98C81E043848403886DFD1EF0014C0FE21A23D0338484056C2C9ECE20014C0CF728F5B0238484081606D10D60014C00B04A67801384840B760CA3CC90014C0B2D5E59400384840F9C2E071BC0014C0C5E74EB0FF374840D0BA04AFAF0014C0B3C0CBCAFE3748402AE18DF5A20014C09C5387E4FD374840189D2444960014C061AD56FDFC3748408A87209C890014C091474F15FC37484090072AFC7C0014C02C22712CFB3748401AB69865700014C0333DBC42FA374840AFC6C0D7630014C0A4983058F93748405039A252570014C08134CE6CF837484075DAE8D64A0014C0C9109580F7374840A5DDE8633E0014C07C2D8593F6374840E042A2F9310014C09A8A9EA5F53748409FD6C098250014C02428E1B6F43748406ACC9840190014C018064DC7F337484041242AF10C0014C0079EF7D6F23748409AAA20AB000014C06176CBE5F1374840775F7C6EF4FF13C0258FC8F3F03748406076913AE8FF13C056E8EE00F03748404288B710DCFF13C0F1813E0DEF374840B92FEBEECFFF13C086D5CC18EE3748402BD22FD7C3FF13C087698423ED374840A8D62DC8B7FF13C081B77A2DEC3748401FD63CC3ABFF13C058CC8436EB374840A23705C79FFF13C0B814E33EEA374840A8C732D493FF13C0839D6A46E93748403286C5EA87FF13C0B9661B4DE8374840B53F690B7CFF13C0E9E90A53E7374840445BC63470FF13C084AD2358E6374840CD71346864FF13C01A2B7B5CE537484062EA5BA458FF13C01AE9FB5FE4374840F05D94EA4CFF13C01561BB62E33748400200323A41FF13C00993B964E23748400E9DE09335FF13C0F87EF665E13748409D68F4F629FF13C052AB5C66E0374840AF626D631EFF13C0A6910166DF374840BB57F7D912FF13C0F331E564DE3748404A7BE65907FF13C0AC12F262DD374840D299E6E3FBFE13C060AD3D60DC37484055B3F777F0FE13C09C7BDD5CDB3748405BFB6D15E5FE13C0438AA658DA374840E47149BCD9FE13C0E452AE53D9374840DEAFE16DCEFE13C07FD5F44DD83748405B1CDF28C3FE13C015127A47D7374840D283EDEDB7FE13C0A4083E40D637484042E60CBDACFE13C02EB94038D5374840AD433D96A1FE13C0409D972FD43748409BCFD27896FE13C0BEC11726D3374840FA2225668BFE13C035A0D61BD2374840DCA4DC5C80FE13C036B2E910D13748402FEE505E75FE13C0307E3B05D03748407C32D6696AFE13C02504CCF8CE374840C3716C7F5FFE13C0A3BDB0EBCD37484004AC139F54FE13C08BB7BEDDCC3748403FE1CBC849FE13C0FDE420CFCB374840ECDD40FD3EFE13C0F845D7BFCA3748401B091B3B34FE13C0EC60CCAFC937484032C85D8429FE13C0DB35009FC8374840CDB505D71EFE13C0523E888DC7374840D86A6A3414FE13C0C4004F7BC6374840DD1AE09B09FE13C0BFF66968C53748405492120EFFFD13C0B3A6C354C43748403BD1018BF4FD13C0318A7140C33748401D0B0212EAFD13C037A1732BC2374840700CBFA3DFFD13C03872B415C1374840BD088D3FD5FD13C0C17649FFBF3748407ACC17E6CAFD13C0D4AE32E8BE374840A9575F97C0FD13C0E0A05AD0BD374840D2DDB752B6FD13C076C6D6B7BC3748406C2BCD18ACFD13C02399BC9EBB37484078409FE9A1FD13C03BACCB84BA3748406BE9D9C597FD13C06C6C446AB9374840588D25AC8DFD13C02560114FB8374840402C829C83FD13C067873233B73748400F5F479879FD13C0A3689216B63748405059C99E6FFD13C0F7F65BF9B4374840021B08B065FD13C0D4B879DBB33748409B70AFCC5BFD13C039AEEBBCB23748402FC167F351FD13C028D7B19DB137484034D9DC2448FD13C0A033CC7DB03748402285BA613EFD13C0A0C33A5DAF37484080F854A934FD13C0B900133CAE3748404F33ACFB2AFD13C05A713F1AAD37484007026C5921FD13C08415C0F7AB3748402F98E8C117FD13C0C666AAD4AA374840C9F521350EFD13C00272D3B0A93748404BE7C3B304FD13C0E5A37B8CA8374840B56CCE3DFBFC13C0C28F6267A737484019EDE9D1F1FC13C046A2C841A6374840DCCD1972E8FC13C0C36E6D1BA53748401176061DDFFC13C059E87BF4A3374840B6E5AFD2D5FC13C0060FF4CCA2374840BBB56D94CCFC13C0CBE2D5A4A1374840314DE860C3FC13C019EA0B7CA037484018AC1F38BAFC13C0F02496529F3748405E6B6B1BB1FC13C06E869F289E37484015F27309A8FC13C0741BFDFD9C374840B50CE5029FFC13C0935DC4D29B3748403CBBBE0796FC13C0C94CF5A69A374840ACFD00188DFC13C0886F7A7A993748408D07003384FC13C0EEB87E4D98374840CD71135A7BFC13C0DC35D71F97374840F56F8F8C72FC13C072D9AEF195374840050274CA69FC13C090B0DAC294374840875B151361FC13C055AE8593933748406815CB6758FC13C0A3DF8463923748403063E9C74FFC13C09837033391374840E244703347FC13C016C3D50190374840F2860BAB3EFC13C03A7527D08E3748407390632D36FC13C0054EF89D8D37484054FACFBB2DFC13C0595A1D6B8C3748401DF8A45525FC13C0548DC1378B37484045568EFB1CFC13C0666DCF038A3748405548E0AC14FC13C090FA46CF883748404DCE9A690CFC13C061AE3D9A873748402DE8BD3104FC13C04A0F9E64863748406D62F505FCFB13C04B1D682E853748400C3D41E6F3FB13C081CBC6F78337484093ABF5D1EBFB13C040AD79C08237484003AE12C9E3FB13C0A6B5AB888137484048DDEFCCDBFB13C0B2E45C5080374840FFD389DBD3FB13C0663A8D177F3748408CF7E3F6CBFB13C0313D27DE7D37484001AFA61DC4FB13C0A26640A47C3748405EFAD14FBCFB13C0BBB6D8697B3748409272BD8EB4FB13C0EBB3DA2E7A374840AE7E11D9ACFB13C0C2D75BF37837484029EB792FA5FB13C040225CB7773748408CEB4A919DFB13C06493DB7A76374840C518DCFF95FB13C0BEA4EF3D75374840E7D9D5798EFB13C0A1E9570074374840DFC78F0087FB13C0B9CE54C272374840BF49B2927FFB13C00754E68371374840FE2BE93078FB13C06D86E144703748409D6E34DB70FB13C07ADF5B056F3748409A11949169FB13C02D5F55C56D374840F714085462FB13C0167FE3846C3748402B453C235BFB13C0A5C5F0436B3748404609D9FD53FB13C0DC327D026A374840C12D8AE44CFB13C047409EC068374840127FFBD745FB13C05A743E7E67374840C23081D73EFB13C013CF5D3B663748405A766FE237FB13C002CA11F864374840C9E81DFA30FB13C097EB44B4633748400E888C1E2AFB13C0D433F76F623748403BBB634E23FB13C0D495532B613748403F1BFB8A1CFB13C0EDA419E65F374840A1DBA6D315FB13C0CACD89A05E374840DAC812290FFB13C04D1D795A5D3748407316938A08FB13C0060DFD135C3748406AC427F801FB13C0662300CD5A374840389F7C72FBFA13C08B53AD855937484065DAE5F8F4FA13C056AAD93D5837484068420F8CEEFA13C056A19AF556374840CB0A4D2BE8FA13C08D38F0AC553748408C339FD6E1FA13C06AF6C463543748402589B18EDBFA13C00BCE431A53374840930B8453D5FA13C0E24557D05137484060EE6A24CFFA13C0EF5DFF855037484004FE1102C9FA13C031163C3B4F3748407F3A79ECC2FA13C0A86E0DF04D37484058D7F4E2BCFA13C0566773A44C37484008A130E6B6FA13C0C87983584B37484017CB80F5B0FA13C0E0B2120C4A37484073EE3C12ABFA13C0BD054CBF483748402E720D3BA5FA13C0D0F81972473748404956F26F9FFA13C0A705922446374840B13343B299FA13C0B3B29ED6443748407971A80094FA13C084795588433748408DA8795C8EFA13C08BE0A0394237484001405FC488FA13C0C7E780EA40374840D537593883FA13C0C8080B9B3F374840F528BFB97DFA13C08D433F4B3E374840EC46E54778FA13C0871E08FB3C374840B991CBE272FA13C047137BAA3B374840E63CC6896DFA13C0CA2198593A37484060E12C3E68FA13C084D049083937484039E6A7FE62FA13C00199A5B6373748405FE48ECC5DFA13C0437BAB64363748405C0F36A758FA13C04A775B1235374840B79AF18D53FA13C0158DB5BF33374840611F19824EFA13C0A5BCB96C32374840E0D0008349FA13C0F90568193137484036AFA89044FA13C082EFAAC52F37484062BA10AB3FFA13C05F6CAD712E37484065F238D23AFA13C001035A1D2D3748403E57210636FA13C067B3B0C82B37484064B5754731FA13C020F7C6732A37484060408A952CFA13C00FDB711E2937484033F85EF027FA13C05152DCC827374840DCDCF35723FA13C057E3F072263748405BEE48CC1EFA13C0B107C51C2537484028F9094E1AFA13C0D04543C623374840CB308BDC15FA13C0B39D6B6F223748404495CC7711FA13C0E9885318213748400BF379200DFA13C07307FBC01F374840A87DE7D508FA13C0322637691E3748401B35159804FA13C0D35148111D374840DCE5AE6700FA13C0399703B91B37484073C30844FCF913C0F36F7E601A374840579ACE2DF8F913C07062A30719374840129E5424F4F913C0D0619DAE17374840A3CE9A27F0F913C0F57A41551637484081F84C38ECF913C06C27A5FB14374840364FBF55E8F913C03767C8A113374840389F9D80E4F913C0C7C0954712374840101C3CB8E0F913C0392738ED10374840BFC59AFCDCF913C0FE209A920F3748403235114FD9F913C016AEBB370E37484004059CADD5F913C0F35487DC0C3748409A9A3E1AD2F913C0B30828810B3748409090F592CEF913C054C99D250A3748404B4CC419CBF913C0BAA3BDC908374840DB3453ADC7F913C0028BB26D07374840424AA24DC4F913C00F8C5111063748406E2509FCC0F913C08C13DBB404374840F86084B6BDF913C0CFB40E58033748404762177FBAF913C0F36217FB013748406D906A54B7F913C0FA1DF59D00374840DFB72937B4F913C0546C9240FF364840280CA926B1F913C0014EEFE2FD364840BF599423AEF913C0913C2185FC364840A2A0EB2DABF913C002382827FB364840D4E0AE45A8F913C0C8C6EEC8F9364840DB4D326AA5F913C06F628A6AF836484030B4219CA2F913C0F90AFB0BF73648405B47D1DA9FF913C065C040ADF53648404AA098279DF913C02409464EF4364840102620819AF913C0C55E20EFF236484023A513E897F913C049C1CF8FF1364840841D735C95F913C03EAA6930F0364840BBC292DD92F913C08626C3D0EE3648403F611E6C90F913C0B0AFF170ED36484011F915088EF913C0BD45F510EC364840308A79B18BF913C0ACE8CDB0EA3648409C14496889F913C00C129150E93648405698842C87F913C0BFCE13F0E7364840E64880FD84F913C0E311818FE6364840C3F2E7DB82F913C079DBD82EE5364840EE95BBC780F913C06238F0CDE33648406632FBC07EF913C0BC1BF26CE23648402BC8A6C77CF913C0F80BC90BE13648403E57BEDB7AF913C0A5828AAADF364840271396FC78F913C035062149DE364840D594852B77F913C03610A2E7DC3648405943356775F913C01927F885DB364840A1B7FCB073F913C06DC43824DA364840', 'TRA', false, NULL, 'MONITORENV', false, NULL, '{LAND}');
INSERT INTO public.missions (id, open_by, observations_cacem, facade, start_datetime_utc, end_datetime_utc, geom, closed_by, deleted, observations_cnsp, mission_source, closed, mission_order, mission_types) VALUES (0, 'LOR', 'Worker smile spend parent certain tell dream. Small hope professor thus. Every nothing rest myself.', 'MED', '2022-05-10 12:23:59', NULL, NULL, 'KYL', false, NULL, 'MONITORENV', false, NULL, '{SEA}');
INSERT INTO public.missions (id, open_by, observations_cacem, facade, start_datetime_utc, end_datetime_utc, geom, closed_by, deleted, observations_cnsp, mission_source, closed, mission_order, mission_types) VALUES (14, 'MRS', 'Laugh surface few military current fine set. Wife list culture.', 'SA', '2022-03-12 03:48:14', '2022-05-15 03:13:36', NULL, 'MIC', false, NULL, 'MONITORENV', true, NULL, '{AIR}');
INSERT INTO public.missions (id, open_by, observations_cacem, facade, start_datetime_utc, end_datetime_utc, geom, closed_by, deleted, observations_cnsp, mission_source, closed, mission_order, mission_types) VALUES (15, 'KAT', 'Population source pass recognize a modern. Might board take both century.', 'MEMN', '2022-01-21 18:52:58', '2022-02-20 20:37:16', NULL, 'AND', false, NULL, 'MONITORENV', true, NULL, '{LAND}');
INSERT INTO public.missions (id, open_by, observations_cacem, facade, start_datetime_utc, end_datetime_utc, geom, closed_by, deleted, observations_cnsp, mission_source, closed, mission_order, mission_types) VALUES (16, 'KAI', 'All serve try turn impact society.', 'SA', '2022-05-18 15:16:38', '2022-06-08 01:38:04', NULL, 'CAS', false, NULL, 'MONITORENV', true, NULL, '{AIR}');
INSERT INTO public.missions (id, open_by, observations_cacem, facade, start_datetime_utc, end_datetime_utc, geom, closed_by, deleted, observations_cnsp, mission_source, closed, mission_order, mission_types) VALUES (17, 'KEL', 'Role from six under reveal. Suddenly surface give out. Doctor religious protect.', 'MED', '2022-06-08 02:30:39', '2022-08-06 08:55:19', NULL, 'GER', false, NULL, 'MONITORENV', true, NULL, '{SEA}');
INSERT INTO public.missions (id, open_by, observations_cacem, facade, start_datetime_utc, end_datetime_utc, geom, closed_by, deleted, observations_cnsp, mission_source, closed, mission_order, mission_types) VALUES (18, 'KEN', 'Upon specific director threat. Picture about some develop its Democrat. Anyone politics whatever morning program debate. Network your fear unit author stop.', 'SA', '2022-03-07 15:51:24', '2022-04-08 15:52:44', NULL, 'NIC', false, NULL, 'MONITORENV', true, NULL, '{LAND}');
INSERT INTO public.missions (id, open_by, observations_cacem, facade, start_datetime_utc, end_datetime_utc, geom, closed_by, deleted, observations_cnsp, mission_source, closed, mission_order, mission_types) VALUES (22, 'MAR', 'So maintain focus bag. Benefit put charge shake high national experience music. Surface computer decade happen small.', 'SA', '2022-03-24 15:31:07.588693', '2022-07-23 15:02:17.588693', NULL, 'CAL', false, NULL, 'MONITORENV', false, NULL, '{LAND}');
INSERT INTO public.missions (id, open_by, observations_cacem, facade, start_datetime_utc, end_datetime_utc, geom, closed_by, deleted, observations_cnsp, mission_source, closed, mission_order, mission_types) VALUES (28, 'TRO', 'Industry term former scene increase miss beyond. So deep scientist bit scientist idea situation. Produce old moment brother.', 'MED', '2022-03-16 17:30:11.588693', '2022-04-28 11:59:06.588693', NULL, 'ETH', false, NULL, 'MONITORENV', false, NULL, '{LAND}');
INSERT INTO public.missions (id, open_by, observations_cacem, facade, start_datetime_utc, end_datetime_utc, geom, closed_by, deleted, observations_cnsp, mission_source, closed, mission_order, mission_types) VALUES (29, 'JES', 'Over choose thus someone tend certainly. Keep here also.', 'NAMO', '2022-02-16 04:14:20.588693', '2022-07-06 03:22:32.588693', NULL, 'JIM', false, NULL, 'MONITORENV', false, NULL, '{LAND}');
INSERT INTO public.missions (id, open_by, observations_cacem, facade, start_datetime_utc, end_datetime_utc, geom, closed_by, deleted, observations_cnsp, mission_source, closed, mission_order, mission_types) VALUES (30, 'RIC', 'Between land style police. Law fine turn sign individual kitchen life. Tonight skin dog south charge.', 'MED', '2022-01-12 14:00:08.588693', '2022-01-16 00:27:04.588693', NULL, 'KAT', false, NULL, 'MONITORENV', false, NULL, '{SEA}');
INSERT INTO public.missions (id, open_by, observations_cacem, facade, start_datetime_utc, end_datetime_utc, geom, closed_by, deleted, observations_cnsp, mission_source, closed, mission_order, mission_types) VALUES (33, 'LUI', 'Check car charge say industry bed. Sign year that general.', 'NAMO', '2022-02-21 22:50:25.588693', '2022-07-12 23:31:59.588693', NULL, 'STE', false, NULL, 'MONITORENV', false, NULL, '{AIR}');
INSERT INTO public.missions (id, open_by, observations_cacem, facade, start_datetime_utc, end_datetime_utc, geom, closed_by, deleted, observations_cnsp, mission_source, closed, mission_order, mission_types) VALUES (36, 'MIC', 'Scientist cut scientist may interesting. Them energy teach reveal director way. History condition soldier because information first leg. Add thought one cell order.', 'MEMN', '2022-01-19 04:25:32.588693', '2022-04-20 06:14:10.588693', NULL, 'TRI', false, NULL, 'MONITORENV', false, NULL, '{AIR}');
INSERT INTO public.missions (id, open_by, observations_cacem, facade, start_datetime_utc, end_datetime_utc, geom, closed_by, deleted, observations_cnsp, mission_source, closed, mission_order, mission_types) VALUES (41, 'BRI', 'Magazine more morning we career born. Language notice site next history.', 'MEMN', '2022-07-01 00:44:16.588693', '2022-07-22 16:00:27.588693', NULL, 'MAR', false, NULL, 'MONITORENV', false, NULL, '{SEA}');
INSERT INTO public.missions (id, open_by, observations_cacem, facade, start_datetime_utc, end_datetime_utc, geom, closed_by, deleted, observations_cnsp, mission_source, closed, mission_order, mission_types) VALUES (1, 'RYA', 'Former wonder condition. Space student them investment good certainly effect.', 'MED', '2022-07-24 10:00:01', '2022-08-07 01:29:32', '0106000020E610000001000000010300000001000000C90000002EAED577FB6212C046D739EF7D2448405F559105FB6212C089E30E797D2448409230D9BFFA6212C04935A6027D2448407FDABEA6FA6212C0C9B61D8C7C2448405CA848BAFA6212C0385A93157C24484039A871FAFA6212C06D12259F7B24484013A22967FB6212C0EFCAF0287B2448401C1C5500FC6212C0CF6014B37A2448408961CDC5FC6212C0BF9AAD3D7A244840938C60B7FD6212C0DE21DAC879244840E292D1D4FE6212C0F579B75479244840F954D81D006312C02AFA62E178244840B4B02192016312C085C5F96E78244840ED954F31036312C0B0C398FD772448407C1EF9FA046312C086995C8D77244840CCA8AAEE066312C0D8A1611E77244840B7F4E50B096312C05EE6C3B076244840E84322520B6312C0A3189F4476244840177CCCC00D6312C0DE8A0EDA752448402F4C4757106312C01F292D71752448404354EB14136312C0AD72150A75244840BE4F07F9156312C00673E1A4742448402742E002196312C080BBAA41742448406AA6B1311C6312C0CE5C8AE0732448405DA0AD841F6312C08DE09881732448401731FDFA226312C04C43EE2473244840DA6CC093266312C043EEA1CA72244840F0B30E4E2A6312C063B1CA72722448405CEDF6282E6312C0D9BD7E1D72244840A5C37F23326312C03BA0D3CA7124484005E4A73C366312C0113BDE7A712448405B3F66733A6312C0A5C1B22D71244840054DAAC63E6312C006B364E370244840D94F5C35436312C0BCD4069C70244840D79C5DBE476312C0862EAB577024484073E388604C6312C05E05631670244840CD77B21A516312C054D73ED86F2448404E9EA8EB556312C075574E9D6F2448400ED933D25A6312C0A669A0656F2448404B3617CD5F6312C0DC1E43316F244840A2A010DB646312C0CDB143006F2448405F30D9FA696312C07083AED26E2448402F7E252B6F6312C0B8178FA86E24484096F6A56A746312C00413F0816E244840F42E07B8796312C00937DB5E6E244840343BF2117F6312C0BB60593F6E24484056040D77846312C0D48572236E244840F69FFAE5896312C0C9B22D0B6E24484064A85B5D8F6312C0370991F66D2448407B95CEDB946312C037BEA1E56D244840C715F05F9A6312C0041964D86D2448406B685BE89F6312C0F871DBCE6D24484047B7AA73A56312C09F310AC96D24484031717700AB6312C03CD0F1C66D244840C3A45A8DB06312C05FD592C86D244840C95AED18B66312C097D7ECCD6D2448401EF1C8A1BB6312C0E07CFED66D24484051758726C16312C0957AC5E36D244840CDFEC3A5C66312C06D963EF46D24484031091B1ECC6312C0FCA665086E2448403DCE2A8ED16312C0F39435206E244840F19E93F4D66312C03C5CA83B6E244840773CF84FDC6312C09F0DB75A6E2448408330FE9EE16312C078D0597D6E244840AF244EE0E66312C0CCE487A36E24484035399412EC6312C045A537CD6E244840015B8034F16312C0D3895EFA6E2448404198C644F66312C0462AF12A6F2448408E741F42FB6312C04141E35E6F244840893B482B006412C019AF27966F2448404A5203FF046412C0767DB0D06F244840BA8718BC096412C0ABE26E0E702448408C6355610E6412C07545534F702448404C738DED126412C0E1404D9370244840AA969A5F176412C0A8A84BDA7024484092495DB61B6412C02A8D3C2471244840D4ECBCF01F6412C069400D7171244840210DA80D246412C0405AAAC071244840FFA7140C286412C0C8BDFF1272244840216F00EB2B6412C0049EF86772244840730971A92F6412C06D837FBF72244840A5527446336412C020517E1973244840169820C1366412C0BC4ADE7573244840FED394183A6412C0E51988D47324484050E6F84B3D6412C033D46335742448402BCB7D5A406412C057015998742448406ACF5D43436412C02BA14EFD7424484048C2DC05466412C021322B6475244840422548A1486412C0AEB7D4CC75244840CE58F7144B6412C0A0C030377624484066C74B604D6412C0326E24A376244840420DB1824F6412C08D7A941077244840ED1D9D7B516412C0C03F657F772448405167904A536412C0BCBE7AEF77244840AEF115EF546412C06DA6B860782448406D7DC368566412C0CF5A02D378244840BD9D39B7576412C042FC3A4679244840E4D023DA586412C0B76E45BA79244840739538D1596412C02461042F7A244840FF7C399C5A6412C0F7545AA47A244840CD3BF33A5B6412C05CA5291A7B244840CAB53DAD5B6412C0D18E54907B244840B408FCF25B6412C0DB36BD067C24484092931C0C5C6412C019B3457D7C244840CFFA98F85B6412C06C11D0F37C2448403E2A76B85B6412C0FD5E3E6A7D2448408D53C44B5B6412C028B072E07D24484060EA9EB25A6412C0F9274F567E244840519D2CED596412C092FFB5CB7E2448402A4C9FFB586412C0D68D89407F2448405FFB33DE576412C0DF4EACB47F24484087C43295566412C06AEB00288024484060C4EE20556412C046406A9A802448408205C681536412C0C965CB0B81244840F26821B8516412C0DFB6077C812448404D8B74C44F6412C08ED802EB81244840E0A73DA74D6412C0F2C0A05882244840B37805614B6412C065BEC5C482244840D4135FF2486412C06A7E562F832448407AC6E75B466412C0C51438988324484001ED469E436412C0F90150FF83244840D4C82DBA406412C05C3A846484244840905357B03D6412C0522CBBC784244840B10F88813A6412C0FFC6DB288524484044D78D2E376412C06180CD87852448407BA73FB8336412C0DE5B78E4852448408B6A7D1F306412C0E8EFC43E8624484047BF2F652C6412C0476C9C968624484011BE478A286412C0889FE8EB862448401CBCBE8F246412C0FAFC933E87244840510C9676206412C0B1A1898E8724484078BED63F1C6412C01E5AB5DB87244840215C91EC176412C014A7032688244840BEA3DD7D136412C0AAC2616D882448402542DAF40E6412C005A5BDB188244840EA89AC520A6412C0D60806F3882448406E298098056412C0C66F2A318924484002DF86C7006412C0AD261B6C89244840E52BF8E0FB6312C06D49C9A3892448403D0511E6F66312C0CBC626D889244840418413D8F16312C0D86326098A244840D19446B8EC6312C082BFBB368A244840A7A2F587E76312C08F55DB608A244840F3457048E26312C0A0817A878A24484037EE09FBDC6312C0AB818FAA8A244840D08C19A1D76312C0A07811CA8A244840043EF93BD26312C0C770F8E58A244840D9F105CDCC6312C0625D3DFE8A244840C0139F55C76312C0C81CDA128B244840D13126D7C16312C0CF79C9238B2448406DA3FE52BC6312C0322D07318B244840902F8DCAB66312C078DE8F3A8B244840A4B2373FB16312C0152561408B244840EEC364B2AB6312C0AB8879428B244840375B7B25A66312C0D481D8408B244840E575E299A06312C0D6797E3B8B2448405CBC00119B6312C0D2CA6C328B24484063273C8C956312C06DBFA5258B24484089A5F90C906312C00B922C158B24484037C19C948A6312C00B6C05018B244840B2468724856312C0036535E98A244840B4EA18BE7F6312C0F980C2CD8A2448409AF1AE627A6312C05FAFB3AE8A24484033D7A313756312C0D8C8108C8A24484012F74ED26F6312C0A68DE2658A244840E33504A06A6312C02DA3323C8A2448408DAB137E656312C0B4910B0F8A244840494EC96D606312C089C178DE89244840AB9E6C705B6312C04F7886AA89244840FE544087566312C0CCD5417389244840970F82B3516312C0A0D0B83889244840CD026AF64C6312C0BD32FAFA88244840EDA92A51486312C0829515BA88244840BD79F0C4436312C01B5E1B7688244840D994E1523F6312C033B91C2F882448400B811DFC3A6312C075962BE587244840EBDEBCC1366312C044A45A9887244840CC22D1A4326312C0E04ABD4887244840B94F64A62E6312C0A0A767F6862448404EB478C72A6312C09F876EA1862448405DA90809276312C0A862E74986244840AD52066C236312C0E755E8EF85244840F3615BF11F6312C0F31D88938524484084DBE8991C6312C07D11DE3485244840D8DD8666196312C0191B02D4842448409C6A0458166312C04DB30C71842448408B32276F136312C084DA160C842448408163ABAC106312C078123AA583244840FB7843110E6312C01658903C83244840D90E989D0B6312C0821C34D282244840DCB64752096312C0F23E406682244840BED0E62F076312C04A05D0F8812448406164FF36056312C0B415FF898124484056FF1068036312C0696FE919812448404C9490C3016312C0A863ABA880244840BF5DE849006312C09E8E6136802448400EC377FBFE6212C0FBCF28C37F244840724093D8FD6212C0F5431E4F7F244840825184E1FC6212C0A73B5FDA7E244840DA5E8916FC6212C0CC3509657E2448402EAED577FB6212C046D739EF7D244840', 'VIC', false, NULL, 'MONITORENV', false, NULL, '{AIR}');
INSERT INTO public.missions (id, open_by, observations_cacem, facade, start_datetime_utc, end_datetime_utc, geom, closed_by, deleted, observations_cnsp, mission_source, closed, mission_order, mission_types) VALUES (9, 'CLI', 'Majority describe successful. Ahead standard language.', 'MEMN', '2022-03-10 08:20:51', '2022-06-30 10:54:47', '0106000020E6100000010000000103000000010000000C000000790D558C4ED911C0541F48DE393148404E9D47C5FFD511C0C498F4F7523048408B04AE861FD711C0F4D1F3B8B92F484004D149A58EDC11C0DFB76B53862F4840034A9E46B5DB11C073DBBE47FD2F48406286C61341DC11C0BCB1A030283048402C94F1947AE311C07CBF2C488E304840E2D92FE939E311C084921337B830484052F01472A5DE11C04969368FC33048408930348DDCD911C02F4FE78A5231484044D0E2D6EED811C06BF4C53945314840790D558C4ED911C0541F48DE39314840', 'TER', false, NULL, 'MONITORENV', false, NULL, '{SEA}');
INSERT INTO public.missions (id, open_by, observations_cacem, facade, start_datetime_utc, end_datetime_utc, geom, closed_by, deleted, observations_cnsp, mission_source, closed, mission_order, mission_types) VALUES (11, 'BRI', 'Example area order two watch travel little. Understand near they star.', 'MED', '2022-04-23 01:41:36', '2022-06-01 03:04:48', '0106000020E61000000100000001030000000100000009000000C520B072685114C08FC2F5285C2F4840B4C876BE9F1A14C00000000000384840F2D24D62109813C0F4FDD478E9364840EC51B81E856B13C03333333333334840EE7C3F355E3A13C0105839B4C82E4840A69BC420B03213C00C022B871629484048E17A14AE8713C0BA490C022B2748409CC420B072A813C02B8716D9CE274840C520B072685114C08FC2F5285C2F4840', 'KEV', false, NULL, 'MONITORENV', false, NULL, '{SEA}');
INSERT INTO public.missions (id, open_by, observations_cacem, facade, start_datetime_utc, end_datetime_utc, geom, closed_by, deleted, observations_cnsp, mission_source, closed, mission_order, mission_types) VALUES (8, 'NIC', 'Respond later simply discuss yet sport. Participant that together himself mother. Support happen girl clearly.', NULL, '2022-03-01 14:21:37', NULL, '0106000020E6100000010000000103000000010000000F000000EBBCD75AA9C911C09A65AABB0D3148406EE987C734C911C0BB54B6590631484014AEEC2708CB11C0089DC6ACCD3048407BE3FFE961CB11C052D1FD41C9304840363A8CEEC5CC11C096067E54C330484036B286E695CE11C0CA332F87DD30484024B149230BCD11C0DB9CEF4C0D314840E486DF4DB7CC11C02B1ECD470831484043531B41CFCB11C0FFC64384243148405C8FC2F528CC11C0BB078D052A3148403C5D273FF3CB11C005E91846303148403231A715F0CC11C021CB82893F314840D1820651ADCC11C07CE3B55C473148409B45DE2868C911C07E7B8D1315314840EBBCD75AA9C911C09A65AABB0D314840', 'YVO', false, NULL, 'MONITORENV', false, NULL, '{SEA}');
INSERT INTO public.missions (id, open_by, observations_cacem, facade, start_datetime_utc, end_datetime_utc, geom, closed_by, deleted, observations_cnsp, mission_source, closed, mission_order, mission_types) VALUES (6, 'MAU', 'Role morning option however bag rise check. Not among fill two blue crime. Across his score second knowledge yes.', NULL, '2022-06-13 16:10:59', NULL, '0106000020E61000000100000001030000000100000009000000BBF448E6051E12C03D29720C712E48407BB33829ED1D12C09F2D31E0762E4840866B9CEA1C1D12C0CAF2E0B4812E48409763471DFC1C12C0714A0E12812E48406C672D3F4F1B12C041857E01982E484057D0308C261912C046521C516B2E484098E4DB16C01B12C02FDA25A2462E48408E601DA6011C12C0D5FA6C2E482E4840BBF448E6051E12C03D29720C712E4840', 'KEL', false, NULL, 'MONITORENV', false, NULL, '{LAND}');
INSERT INTO public.missions (id, open_by, observations_cacem, facade, start_datetime_utc, end_datetime_utc, geom, closed_by, deleted, observations_cnsp, mission_source, closed, mission_order, mission_types) VALUES (7, 'MIC', 'Cultural staff letter give. Agency that poor third positive red capital particularly. May whether clear any someone picture bit.', 'NAMO', '2022-08-07 00:25:12', NULL, '0106000020E610000001000000010300000001000000050000005B8E5F91C27512C0B72D4634EC2A4840DDC5871BE87412C0A7348BE5D02A4840A74BB5053A6D12C00CC050D1222B4840AD7BD8C9E86D12C0B34C54A9382B48405B8E5F91C27512C0B72D4634EC2A4840', 'ROB', false, NULL, 'MONITORENV', false, NULL, '{AIR}');
INSERT INTO public.missions (id, open_by, observations_cacem, facade, start_datetime_utc, end_datetime_utc, geom, closed_by, deleted, observations_cnsp, mission_source, closed, mission_order, mission_types) VALUES (2, 'LUK', 'Attack him company article their everybody.', 'SA', '2022-05-22 10:04:10', '2022-08-06 06:23:21', '0106000020E61000000100000001030000000100000005000000FEEA55BCF63312C0BD25582F0A274840E62E16E75B3312C0AA6C84AA2127484019F3D214263212C08075CE591327484031A51A8BBF3212C0B47A13E9FB264840FEEA55BCF63312C0BD25582F0A274840', 'JES', false, NULL, 'MONITORENV', true, NULL, '{LAND}');
INSERT INTO public.missions (id, open_by, observations_cacem, facade, start_datetime_utc, end_datetime_utc, geom, closed_by, deleted, observations_cnsp, mission_source, closed, mission_order, mission_types) VALUES (3, 'HEA', 'Heavy reach forget positive business theory level. Plan loss or administration PM shoulder such.', 'NAMO', '2022-07-06 15:20:35', '2022-08-10 07:11:32', '0106000020E610000001000000010300000001000000050000008F4568E7F23112C0B64707961C274840102400352C3312C02DC0D2382A27484058877C452F3312C0961FACF1512748405D7025C4F63112C09AC9FA63442748408F4568E7F23112C0B64707961C274840', 'WIL', false, NULL, 'MONITORENV', true, NULL, '{SEA}');
INSERT INTO public.missions (id, open_by, observations_cacem, facade, start_datetime_utc, end_datetime_utc, geom, closed_by, deleted, observations_cnsp, mission_source, closed, mission_order, mission_types) VALUES (4, 'JAN', 'It loss often we stock light.', 'SA', '2022-01-04 10:54:00', '2022-04-20 09:01:52', '0106000020E61000000100000001030000000100000007000000C83922FC691F12C0858E1AB73F2E4840345DFE148E1E12C047759E08632E48403CDA29BF131E12C0CCF0FB66672E4840C4E38C74521C12C0F74063E7432E4840F6EBF44B501C12C0395A33E53E2E484093AC724D1A1E12C01D5DC3F4252E4840C83922FC691F12C0858E1AB73F2E4840', 'SCO', false, NULL, 'MONITORENV', true, NULL, '{LAND}');
INSERT INTO public.missions (id, open_by, observations_cacem, facade, start_datetime_utc, end_datetime_utc, geom, closed_by, deleted, observations_cnsp, mission_source, closed, mission_order, mission_types) VALUES (5, 'MAR', 'Reduce strategy indicate care population billion third.', 'NAMO', '2022-08-07 23:01:09', '2022-08-10 04:29:28', '0106000020E6100000010000000103000000010000000600000056AB6382071313C00C022B87163148404EC5D987CF1013C00C022B87163148408FE4F21FD20F13C069F188F7093148408FE4F21FD20F13C070BFA248E430484056AB6382071313C070BFA248E430484056AB6382071313C00C022B8716314840', 'JOR', false, NULL, 'MONITORENV', true, NULL, '{LAND}');
INSERT INTO public.missions (id, open_by, observations_cacem, facade, start_datetime_utc, end_datetime_utc, geom, closed_by, deleted, observations_cnsp, mission_source, closed, mission_order, mission_types) VALUES (44, 'JAI', 'Believe single player sister risk. Fly himself word actually. Particular matter during feel.', 'NAMO', '2022-01-14 19:20:36.588693', '2022-03-20 09:02:35.588693', NULL, 'STE', false, NULL, 'MONITORENV', false, NULL, '{SEA}');
INSERT INTO public.missions (id, open_by, observations_cacem, facade, start_datetime_utc, end_datetime_utc, geom, closed_by, deleted, observations_cnsp, mission_source, closed, mission_order, mission_types) VALUES (24, 'KAR', 'Machine office recently answer dark such toward west. Around tree green management opportunity central then. Can time into magazine.', 'MEMN', '2022-06-27 06:09:45.588693', '2022-07-03 01:03:07.588693', NULL, 'JAM', false, NULL, 'MONITORENV', false, NULL, '{AIR}');
INSERT INTO public.missions (id, open_by, observations_cacem, facade, start_datetime_utc, end_datetime_utc, geom, closed_by, deleted, observations_cnsp, mission_source, closed, mission_order, mission_types) VALUES (23, 'KIM', 'Become knowledge can effect foreign article citizen. Upon well war coach.', 'NAMO', '2022-04-29 01:55:27.588693', NULL, NULL, 'KEV', false, NULL, 'MONITORENV', false, NULL, '{AIR}');
INSERT INTO public.missions (id, open_by, observations_cacem, facade, start_datetime_utc, end_datetime_utc, geom, closed_by, deleted, observations_cnsp, mission_source, closed, mission_order, mission_types) VALUES (26, 'KAT', 'Me low southern Congress. Describe dog teach land else. Bed grow practice adult several information.', 'SA', '2022-01-02 17:47:34.588693', '2022-04-29 00:21:03.588693', NULL, 'PAT', false, NULL, 'MONITORENV', false, NULL, '{LAND}');
INSERT INTO public.missions (id, open_by, observations_cacem, facade, start_datetime_utc, end_datetime_utc, geom, closed_by, deleted, observations_cnsp, mission_source, closed, mission_order, mission_types) VALUES (21, 'HUN', 'Attack kind marriage.', 'MED', '2022-03-04 00:51:26.588693', NULL, NULL, 'MR.', false, NULL, 'MONITORENV', false, NULL, '{LAND}');
INSERT INTO public.missions (id, open_by, observations_cacem, facade, start_datetime_utc, end_datetime_utc, geom, closed_by, deleted, observations_cnsp, mission_source, closed, mission_order, mission_types) VALUES (32, 'COR', 'Rest whom analysis activity party. Camera right find soon.', 'NAMO', '2022-02-24 16:10:01.588693', '2022-03-01 22:08:38.588693', NULL, 'CHA', false, NULL, 'MONITORENV', true, NULL, '{AIR}');
INSERT INTO public.missions (id, open_by, observations_cacem, facade, start_datetime_utc, end_datetime_utc, geom, closed_by, deleted, observations_cnsp, mission_source, closed, mission_order, mission_types) VALUES (42, 'KYL', 'Bring speech them spring. Whether life green loss career become save. On force debate study option push. Research appear who lawyer likely degree.', 'NAMO', '2022-04-28 02:15:59.588693', NULL, NULL, 'MR.', false, NULL, 'MONITORENV', false, NULL, '{LAND}');
INSERT INTO public.missions (id, open_by, observations_cacem, facade, start_datetime_utc, end_datetime_utc, geom, closed_by, deleted, observations_cnsp, mission_source, closed, mission_order, mission_types) VALUES (31, 'WES', 'Vote to perhaps room improve process. Four near prepare election worry Democrat step. Quality fear fire international.', 'NAMO', '2022-02-08 22:47:02.588693', NULL, NULL, 'LAU', false, NULL, 'MONITORENV', false, NULL, '{SEA}');
INSERT INTO public.missions (id, open_by, observations_cacem, facade, start_datetime_utc, end_datetime_utc, geom, closed_by, deleted, observations_cnsp, mission_source, closed, mission_order, mission_types) VALUES (37, 'DAV', 'Light drive hour ground foot fly eat all. Anything talk condition movement task company nearly seven. Analysis necessary far system. Rule within natural pay seek employee fund.', 'NAMO', '2022-02-24 13:22:25.588693', NULL, NULL, 'DWA', false, NULL, 'MONITORENV', false, NULL, '{SEA}');
INSERT INTO public.missions (id, open_by, observations_cacem, facade, start_datetime_utc, end_datetime_utc, geom, closed_by, deleted, observations_cnsp, mission_source, closed, mission_order, mission_types) VALUES (45, 'BRI', 'Maybe own each college away likely major. Former space technology million cell. Outside body my drop require.', 'MEMN', '2022-06-04 16:25:52.588693', '2022-06-07 14:21:42.588693', NULL, 'SAM', false, NULL, 'MONITORENV', false, NULL, '{SEA}');
INSERT INTO public.missions (id, open_by, observations_cacem, facade, start_datetime_utc, end_datetime_utc, geom, closed_by, deleted, observations_cnsp, mission_source, closed, mission_order, mission_types) VALUES (48, 'CHA', 'Fly chance record lawyer those. Once position indicate war medical through. Interest read possible.', 'SA', '2022-06-25 11:29:31.588693', NULL, NULL, 'MAT', false, NULL, 'MONITORENV', false, NULL, '{LAND}');
INSERT INTO public.missions (id, open_by, observations_cacem, facade, start_datetime_utc, end_datetime_utc, geom, closed_by, deleted, observations_cnsp, mission_source, closed, mission_order, mission_types) VALUES (46, 'JOS', 'And without trip key. New head director return art explain edge. Wait civil community mission attorney partner. Month cold try message.', 'SA', '2022-03-17 23:16:22.588693', NULL, NULL, 'ANN', false, NULL, 'MONITORENV', false, NULL, '{LAND}');
INSERT INTO public.missions (id, open_by, observations_cacem, facade, start_datetime_utc, end_datetime_utc, geom, closed_by, deleted, observations_cnsp, mission_source, closed, mission_order, mission_types) VALUES (43, 'DAR', 'Anything box film quality. Lot series agent out rule end young pressure.', 'MED', '2022-07-19 10:41:11.588693', '2022-07-26 21:21:57.015651', '0106000020E610000001000000010300000001000000060000004AF3CFCF7C9510C0348D456F648348404F7336C598DB0EC0481B7432AC424840CB21CD9B29570CC0DC97C7300F7648406C117FC670E60EC03C0D98345E934840F63ACBC2ED5F10C030BA1A4F249748404AF3CFCF7C9510C0348D456F64834840', 'HEI', false, NULL, 'MONITORENV', false, NULL, '{SEA}');
INSERT INTO public.missions (id, open_by, observations_cacem, facade, start_datetime_utc, end_datetime_utc, geom, closed_by, deleted, observations_cnsp, mission_source, closed, mission_order, mission_types) VALUES (34, 'STS', 'Surface different shoulder interview. Job together area probably. Of alone class capital determine machine always.', 'MEMN', '2022-07-15 21:03:12.588693', '2022-07-16 22:03:12.588693', '0106000020E61000000100000001030000000100000009000000AD0812BCE168E4BFCCDEEA3227BD4840BE63AEABD812E4BF1C5E8873F8AC484044BD156CA117DABF84C0E2AF49AC48408E16A14DE463CCBFBC9F7168A2A5484008BF4C12D0F97B3F9494F5EA3CAB4840399BF9438A28B43FDC4BF050D9BB48404BAA02B73C2CCCBF24A79C8362CD4840BC46F7A9D24DE1BFA0238D36B2D04840AD0812BCE168E4BFCCDEEA3227BD4840', 'JAM', false, NULL, 'MONITORENV', false, NULL, '{SEA}');
INSERT INTO public.missions (id, open_by, observations_cacem, facade, start_datetime_utc, end_datetime_utc, geom, closed_by, deleted, observations_cnsp, mission_source, closed, mission_order, mission_types) VALUES (47, 'CHR', 'Decision about effect sport hour field. Care finally minute stop.', 'SA', '2022-05-11 02:03:23.588693', '2022-05-13 04:47:02.588693', NULL, 'AMA', false, NULL, 'MONITORENV', true, NULL, '{LAND}');
INSERT INTO public.missions (id, open_by, observations_cacem, facade, start_datetime_utc, end_datetime_utc, geom, closed_by, deleted, observations_cnsp, mission_source, closed, mission_order, mission_types) VALUES (49, 'MIC', 'Check environment role actually whether majority blood. And action section bag middle. Somebody main stage sense.', NULL, '2022-07-28 21:54:28.588693', '2022-08-02 22:46:19.588693', '0106000020E610000001000000010300000001000000070000006A4B99E0A2F609C0F0BCE41CA7D44740A141A028CD9C09C0E0C13397F4D04740679BDF9ADA9809C0A8D2BC3DA7CF4740A669A645F8AF09C0E8FD4743E9CD47402853A486852D0AC0E059C31BBED34740D495265101290AC0CCE7F9B8F6D447406A4B99E0A2F609C0F0BCE41CA7D44740', 'MIC', false, NULL, 'MONITORENV', true, NULL, '{SEA}');
INSERT INTO public.missions (id, open_by, observations_cacem, facade, start_datetime_utc, end_datetime_utc, geom, closed_by, deleted, observations_cnsp, mission_source, closed, mission_order, mission_types) VALUES (38, 'RAN', 'Black bit sell. House relate policy once. White member worker east even anyone detail professor.', NULL, '2022-07-29 10:53:31.588693', '2022-07-31 14:24:31.858651', '0106000020E61000000300000001030000000100000005000000E1AC900B314306C0DCABC1C17F1C484077EC6F225D5006C0E9C04905DB0A4840C4FDB241475F05C0D322916C64104840C4FDB241475F05C061C3D32BE51E4840E1AC900B314306C0DCABC1C17F1C4840010300000001000000050000001A381C6D873C05C0857E01182A1748407A5824FD283005C06AB86D846A13484012C925C8E7D104C048BD6DC7D014484056F6FAE640DF04C04921B9CACD1748401A381C6D873C05C0857E01182A17484001030000000100000005000000BA44FD4709AE06C0BD44AB4926174840374C3CB9097B06C0416F22E1981148409F7BAC6C615606C0DA75EB0C3E164840F5F0C8CCC36906C01B578E56561A4840BA44FD4709AE06C0BD44AB4926174840', 'TIM', false, NULL, 'MONITORENV', true, NULL, '{LAND}');
INSERT INTO public.missions (id, open_by, observations_cacem, facade, start_datetime_utc, end_datetime_utc, geom, closed_by, deleted, observations_cnsp, mission_source, closed, mission_order, mission_types) VALUES (25, 'KEV', 'Toward agency blue now hand. Meet answer someone stand.', 'MED', '2022-06-04 20:01:28.588693', '2022-06-30 05:17:45.588693', NULL, 'CYN', false, NULL, 'MONITORENV', true, NULL, '{LAND}');
INSERT INTO public.missions (id, open_by, observations_cacem, facade, start_datetime_utc, end_datetime_utc, geom, closed_by, deleted, observations_cnsp, mission_source, closed, mission_order, mission_types) VALUES (27, 'BON', 'Out born Republican owner real case. Almost south seven service education push. Too step pay her.', 'NAMO', '2022-01-14 09:37:59.588693', '2022-05-25 09:51:46.588693', NULL, 'SCO', false, NULL, 'MONITORENV', true, NULL, '{SEA}');
INSERT INTO public.missions (id, open_by, observations_cacem, facade, start_datetime_utc, end_datetime_utc, geom, closed_by, deleted, observations_cnsp, mission_source, closed, mission_order, mission_types) VALUES (35, 'SAM', 'Beyond such seven let break enter. Perform lose seem soldier study imagine. Always space concern stop. Value today you look ahead before.', 'MED', '2022-02-23 05:35:44.588693', '2022-05-11 01:04:42.588693', NULL, 'JOH', false, NULL, 'MONITORENV', true, NULL, '{LAND}');
INSERT INTO public.missions (id, open_by, observations_cacem, facade, start_datetime_utc, end_datetime_utc, geom, closed_by, deleted, observations_cnsp, mission_source, closed, mission_order, mission_types) VALUES (39, 'KEI', 'Without black box common. More reduce many trial.', 'MED', '2022-03-02 05:42:47.588693', '2022-05-03 09:16:22.588693', NULL, 'ELI', false, NULL, 'MONITORENV', true, NULL, '{LAND}');
INSERT INTO public.missions (id, open_by, observations_cacem, facade, start_datetime_utc, end_datetime_utc, geom, closed_by, deleted, observations_cnsp, mission_source, closed, mission_order, mission_types) VALUES (40, 'TAM', 'Idea tonight interesting value.', 'NAMO', '2022-03-17 13:29:55.588693', '2022-05-27 02:14:48.588693', NULL, 'RAN', false, NULL, 'MONITORENV', true, NULL, '{LAND}');

SELECT pg_catalog.setval('public.missions_id_seq', 53, true);

INSERT INTO missions_control_units
    (mission_id, control_unit_id)
VALUES
    (         0,           10002),
    (         1,           10011),
    (         2,           10002),
    (         3,           10004),
    (         4,           10003),
    (         5,           10003),
    (         6,           10002),
    (         7,           10002),
    (         8,           10018),
    (         9,           10018),
    (        10,           10002),
    (        11,           10022),
    (        12,           10018),
    (        12,           10017),
    (        13,           10018),
    (        14,           10002),
    (        15,           10003),
    (        16,           10019),
    (        17,           10003),
    (        18,           10003),
    (        19,           10018),
    (        20,           10002),
    (        21,           10018),
    (        22,           10010),
    (        23,           10010),
    (        24,           10000),
    (        26,           10011),
    (        27,           10003),
    (        28,           10019),
    (        29,           10018),
    (        30,           10002),
    (        31,           10003),
    (        32,           10003),
    (        33,           10002),
    (        35,           10003),
    (        36,           10002),
    (        37,           10003),
    (        38,           10002),
    (        39,           10003),
    (        40,           10003),
    (        41,           10002),
    (        42,           10003),
    (        43,           10018),
    (        44,           10003),
    (        45,           10014),
    (        46,           10018),
    (        48,           10011),
    (        49,           10002),
    (        50,           10002),
    (        51,           10002),
    (        52,           10002);

INSERT INTO missions_control_units
    (mission_id, control_unit_id,                       contact)
VALUES
    (        34,           10015,                 '01234567890'),
    (        34,           10016,          'M. Capitaine Flame'),
    (        34,           10017,          'Popeye 06789012345'),
    (        47,           10002,  'A Team - Gimme your number'),
    (        25,           10002,                'Full contact');

INSERT INTO missions_control_resources
    (mission_id, control_resource_id)
VALUES
    (        10,                   3),
    (        10,                   4),
    (        10,                   5),
    (        12,                  10),
    (        13,                   8),
    (        14,                   3),
    (        15,                   6),
    (        17,                   7),
    (         6,                   3),
    (         7,                   3),
    (         2,                   3),
    (        24,                   1),
    (        23,                   8),
    (        26,                  12),
    (        21,                  10),
    (        42,                   6),
    (        31,                   6),
    (        37,                   6),
    (        48,                  12),
    (        46,                  12),
    (        43,                   8),
    (        34,                  11),
    (        25,                   3),
    (        39,                   7),
    (        40,                   7);

UPDATE public.missions SET
  start_datetime_utc = start_datetime_utc + (now() - '2022-06-01 23:00:00'),
  end_datetime_utc = end_datetime_utc + (now() - '2022-06-01 23:00:00')
WHERE id > 20;
